id,Masa,Longitud_tarso,Longitud_ala,Longitud_pico,Longitud_pluma_interior_de_la_cola,Longitud_pluma_exterior_de_la_cola,target
2012-08-19-A03,11.2,11.7,13.0,8.5,NA,NA,1
2012-08-19-D06,10.2,12.0,11.0,8.7,NA,NA,1
2012-08-19-E16,11.6,12.0,13.0,8.6,NA,NA,1
2012-08-20-A03,12.4,NA,NA,NA,NA,NA,2
2012-08-20-D06,11.0,NA,NA,NA,NA,NA,2
2012-08-20-E14,10.4,12.1,14.0,7.7,NA,NA,1
2012-08-20-E16,14.5,NA,NA,NA,NA,NA,2
2012-08-21-A03,13.7,NA,NA,NA,NA,NA,3
2012-08-21-D05,10.0,13.1,14.0,8.5,NA,NA,1
2012-08-21-D06,12.6,NA,NA,NA,NA,NA,3
2012-08-21-E14,11.3,12.7,14.0,8.0,NA,NA,2
2012-08-21-E16,16.9,NA,NA,NA,NA,NA,3
2012-08-22-A03,12.6,13.8,14.0,9.0,NA,NA,4
2012-08-22-B12,9.5,11.5,11.0,8.3,NA,NA,1
2012-08-22-D05,10.0,NA,NA,NA,NA,NA,2
2012-08-22-D06,16.6,13.8,14.0,9.1,NA,NA,4
2012-08-22-E14,13.3,NA,NA,NA,NA,NA,3
2012-08-22-E16,16.4,13.3,15.0,10.1,NA,NA,4
2012-08-23-A03,15.3,NA,NA,NA,NA,NA,5
2012-08-23-B13,9.3,12.3,13.0,8.6,NA,NA,1
2012-08-23-D05,10.0,NA,NA,NA,NA,NA,3
2012-08-23-D06,14.2,NA,NA,NA,NA,NA,5
2012-08-23-E14,15.0,14.2,14.0,8.8,NA,NA,4
2012-08-23-E16,20.9,NA,NA,NA,NA,NA,5
2012-08-24-A03,18.3,NA,NA,NA,NA,NA,6
2012-08-24-B12,15.6,NA,NA,NA,NA,NA,3
2012-08-24-D05,11.4,13.6,14.0,8.6,NA,NA,4
2012-08-24-D06,17.5,NA,NA,NA,NA,NA,6
2012-08-24-E14,13.4,NA,NA,NA,NA,NA,5
2012-08-24-E16,18.0,NA,NA,NA,NA,NA,6
2012-08-24-E17,8.0,12.8,13.0,8.4,NA,NA,1
2012-08-24-F06,7.9,12.5,13.0,7.8,NA,NA,1
2012-08-25-A03,15.7,15.8,15.0,9.2,NA,NA,7
2012-08-25-B06,9.8,12.3,14.0,8.1,NA,NA,1
2012-08-25-B12,17.4,NA,NA,NA,NA,NA,4
2012-08-25-D05,10.4,NA,NA,NA,NA,NA,5
2012-08-25-D06,14.8,14.5,14.0,9.7,NA,NA,7
2012-08-25-E14,15.4,13.9,14.0,8.8,NA,NA,6
2012-08-25-E16,22.1,15.5,16.0,10.3,NA,NA,7
2012-08-25-E17,9.6,13.0,13.0,8.6,NA,NA,2
2012-08-25-F06,10.4,12.5,13.0,8.6,NA,NA,2
2012-08-26-A03,21.7,NA,NA,NA,NA,NA,8
2012-08-26-B06,10.1,NA,NA,NA,NA,NA,2
2012-08-26-B12,18.4,NA,NA,NA,NA,NA,5
2012-08-26-D05,10.5,NA,NA,NA,NA,NA,6
2012-08-26-D06,21.4,NA,NA,NA,NA,NA,8
2012-08-26-E14,18.6,14.1,14.0,9.1,NA,NA,7
2012-08-26-E16,24.9,NA,NA,NA,NA,NA,8
2012-08-26-E17,9.8,NA,NA,NA,NA,NA,3
2012-08-26-F06,9.6,NA,NA,NA,NA,NA,3
2012-08-27-A03,22.7,NA,NA,NA,NA,NA,9
2012-08-27-B06,9.7,NA,NA,NA,NA,NA,3
2012-08-27-B12,21.4,13.3,14.0,9.0,NA,NA,6
2012-08-27-B13,22.5,14.6,16.0,9.6,NA,NA,5
2012-08-27-D05,11.5,12.8,13.0,8.5,NA,NA,7
2012-08-27-D06,22.4,NA,NA,NA,NA,NA,9
2012-08-27-E14,18.3,NA,NA,NA,NA,NA,8
2012-08-27-E16,25.7,NA,NA,NA,NA,NA,9
2012-08-27-E17,10.1,12.9,13.0,9.1,NA,NA,4
2012-08-27-F06,9.2,12.6,12.0,8.7,NA,NA,4
2012-08-28-A03,29.2,16.1,15.0,10.2,NA,NA,10
2012-08-28-B06,14.6,13.0,13.0,8.2,NA,NA,4
2012-08-28-B12,22.1,NA,NA,NA,NA,NA,7
2012-08-28-B13,19.3,NA,NA,NA,NA,NA,6
2012-08-28-D05,14.7,NA,NA,NA,NA,NA,8
2012-08-28-D06,27.8,16.4,13.0,9.7,NA,NA,10
2012-08-28-E14,22.0,NA,NA,NA,NA,NA,9
2012-08-28-E16,28.1,16.3,16.0,10.8,NA,NA,10
2012-08-28-E17,9.7,NA,NA,NA,NA,NA,5
2012-08-28-F06,9.5,12.6,11.0,8.3,NA,NA,5
2012-08-29-A03,33.4,NA,NA,NA,NA,NA,11
2012-08-29-B06,13.2,NA,NA,NA,NA,NA,5
2012-08-29-B12,25.8,NA,NA,NA,NA,NA,8
2012-08-29-B13,24.0,NA,NA,NA,NA,NA,7
2012-08-29-D05,15.8,NA,NA,NA,NA,NA,9
2012-08-29-D06,35.9,NA,NA,NA,NA,NA,11
2012-08-29-E14,18.7,15.4,15.0,9.3,NA,NA,10
2012-08-29-E16,30.8,NA,NA,NA,NA,NA,11
2012-08-29-E17,9.2,NA,NA,NA,NA,NA,6
2012-08-29-F06,14.0,NA,NA,NA,NA,NA,6
2012-08-29-FA,9.7,13.3,14.0,8.6,NA,NA,2
2012-08-30-A03,34.7,NA,NA,NA,NA,NA,12
2012-08-30-B06,15.5,NA,NA,NA,NA,NA,6
2012-08-30-B12,26.7,NA,NA,NA,NA,NA,9
2012-08-30-B13,31.6,15.9,14.0,10.3,NA,NA,8
2012-08-30-D05,15.1,13.8,12.0,9.3,NA,NA,10
2012-08-30-D06,35.3,NA,NA,NA,NA,NA,12
2012-08-30-E14,25.8,NA,NA,NA,NA,NA,11
2012-08-30-E16,36.9,NA,NA,NA,NA,NA,12
2012-08-30-E17,10.3,13.5,13.0,9.2,NA,NA,7
2012-08-30-F06,20.1,14.0,12.0,8.0,NA,NA,7
2012-08-30-FA,8.2,NA,NA,NA,NA,NA,3
2012-08-31-A03,34.2,18.1,19.0,10.7,NA,NA,13
2012-08-31-B06,16.9,14.3,13.0,8.6,NA,NA,7
2012-08-31-B12,28.4,16.0,17.0,9.5,NA,NA,10
2012-08-31-B13,26.6,NA,NA,NA,NA,NA,9
2012-08-31-D05,17.1,NA,NA,NA,NA,NA,11
2012-08-31-D06,36.0,18.4,17.0,10.5,NA,NA,13
2012-08-31-E14,29.4,NA,NA,NA,NA,NA,12
2012-08-31-E16,35.1,18.5,21.0,11.4,NA,NA,13
2012-08-31-E17,14.0,NA,NA,NA,NA,NA,8
2012-08-31-F06,20.6,NA,NA,NA,NA,NA,8
2012-08-31-FA,8.1,NA,NA,NA,NA,NA,4
2012-09-01-A03,30.3,NA,NA,NA,NA,NA,14
2012-09-01-B06,22.5,NA,NA,NA,NA,NA,8
2012-09-01-B12,33.2,NA,NA,NA,NA,NA,11
2012-09-01-B13,37.0,17.2,16.0,10.6,NA,NA,10
2012-09-01-D05,21.0,NA,NA,NA,NA,NA,12
2012-09-01-D06,32.2,NA,NA,NA,NA,NA,14
2012-09-01-E14,30.5,17.3,17.0,10.6,NA,NA,13
2012-09-01-E16,30.9,NA,NA,NA,NA,NA,14
2012-09-01-E17,17.0,NA,NA,NA,NA,NA,9
2012-09-01-F06,17.2,NA,NA,NA,NA,NA,9
2012-09-01-FA,10.3,13.0,14.0,9.0,NA,NA,5
2012-09-02-A03,38.0,NA,NA,NA,NA,NA,15
2012-09-02-B06,28.1,NA,NA,NA,NA,NA,9
2012-09-02-B12,39.6,17.1,18.0,10.5,NA,NA,12
2012-09-02-B13,36.7,18.3,17.0,10.7,NA,NA,11
2012-09-02-D05,18.2,15.3,14.0,10.2,NA,NA,13
2012-09-02-D06,33.8,NA,NA,NA,NA,NA,15
2012-09-02-E14,27.0,NA,NA,NA,NA,NA,14
2012-09-02-E16,35.5,NA,NA,NA,NA,NA,15
2012-09-02-E17,22.2,14.4,13.0,10.1,NA,NA,10
2012-09-02-F06,23.4,14.5,14.0,9.6,NA,NA,10
2012-09-02-FA,9.1,NA,NA,NA,NA,NA,6
2012-09-03-A03,41.5,19.8,22.0,10.9,NA,NA,16
2012-09-03-B06,32.0,16.2,16.0,10.3,NA,NA,10
2012-09-03-B12,37.1,17.7,19.0,10.7,NA,NA,13
2012-09-03-B13,42.3,NA,NA,NA,NA,NA,12
2012-09-03-D05,17.7,NA,NA,NA,NA,NA,14
2012-09-03-D06,43.4,20.5,22.0,10.9,NA,NA,16
2012-09-03-E14,31.1,NA,NA,NA,NA,NA,15
2012-09-03-E16,32.9,20.5,23.0,11.3,NA,NA,16
2012-09-03-E17,25.4,NA,NA,NA,NA,NA,11
2012-09-03-F06,28.1,NA,NA,NA,NA,NA,11
2012-09-03-FA,12.8,NA,NA,NA,NA,NA,7
2012-09-04-A03,40.3,NA,NA,NA,NA,NA,17
2012-09-04-B06,32.2,NA,NA,NA,NA,NA,11
2012-09-04-B12,43.3,NA,NA,NA,NA,NA,14
2012-09-04-B13,47.0,19.5,20.0,11.0,NA,NA,13
2012-09-04-D05,25.3,NA,NA,NA,NA,NA,15
2012-09-04-D06,44.2,NA,NA,NA,NA,NA,17
2012-09-04-E14,43.7,19.0,21.0,11.5,NA,NA,16
2012-09-04-E16,45.5,NA,NA,NA,NA,NA,17
2012-09-04-E17,29.8,NA,NA,NA,NA,NA,12
2012-09-04-F06,32.0,NA,NA,NA,NA,NA,12
2012-09-04-FA,16.7,14.1,14.0,9.8,NA,NA,8
2012-09-05-A03,45.1,NA,NA,NA,NA,NA,18
2012-09-05-B06,35.5,NA,NA,NA,NA,NA,12
2012-09-05-B12,45.7,18.7,19.0,11.1,NA,NA,15
2012-09-05-B13,50.7,20.2,19.0,11.1,NA,NA,14
2012-09-05-D05,22.8,16.6,15.0,10.3,NA,NA,16
2012-09-05-D06,46.4,NA,NA,NA,NA,NA,18
2012-09-05-E14,45.2,NA,NA,NA,NA,NA,17
2012-09-05-E16,53.1,NA,NA,NA,NA,NA,18
2012-09-05-E17,26.2,16.0,16.0,11.1,NA,NA,13
2012-09-05-F06,34.5,16.8,16.0,10.2,NA,NA,13
2012-09-05-FA,15.4,NA,NA,NA,NA,NA,9
2012-09-06-A03,41.7,22.0,21.0,11.2,NA,NA,19
2012-09-06-B06,42.9,18.7,18.0,10.5,NA,NA,13
2012-09-06-B12,48.5,20.1,22.0,11.3,NA,NA,16
2012-09-06-B13,49.1,NA,NA,NA,NA,NA,15
2012-09-06-D05,24.6,NA,NA,NA,NA,NA,17
2012-09-06-D06,47.6,23.5,26.0,11.5,NA,NA,19
2012-09-06-E14,47.6,NA,NA,NA,NA,NA,18
2012-09-06-E16,48.5,22.1,25.0,11.4,NA,NA,19
2012-09-06-E17,32.6,NA,NA,NA,NA,NA,14
2012-09-06-F06,42.7,NA,NA,NA,NA,NA,14
2012-09-06-FA,21.3,NA,NA,NA,NA,NA,10
2012-09-07-A03,54.9,NA,NA,NA,NA,NA,20
2012-09-07-B06,39.7,NA,NA,NA,NA,NA,14
2012-09-07-B12,52.0,NA,NA,NA,NA,NA,17
2012-09-07-B13,58.1,21.9,22.0,11.5,NA,NA,16
2012-09-07-D05,33.6,NA,NA,NA,NA,NA,18
2012-09-07-D06,52.7,NA,NA,NA,NA,NA,20
2012-09-07-E14,59.5,21.8,24.0,12.5,NA,NA,19
2012-09-07-E16,53.5,NA,NA,NA,NA,NA,20
2012-09-07-E17,35.4,NA,NA,NA,NA,NA,15
2012-09-07-F06,47.1,NA,NA,NA,NA,NA,15
2012-09-07-FA,23.1,16.0,14.0,10.2,NA,NA,11
2012-09-08-A03,52.9,NA,NA,NA,NA,NA,21
2012-09-08-B06,46.8,NA,NA,NA,NA,NA,15
2012-09-08-B12,53.1,21.6,24.0,11.6,NA,NA,18
2012-09-08-B13,53.0,22.7,24.0,11.6,NA,NA,17
2012-09-08-D05,29.2,18.1,16.0,11.5,NA,NA,19
2012-09-08-D06,51.5,NA,NA,NA,NA,NA,21
2012-09-08-E14,55.9,NA,NA,NA,NA,NA,20
2012-09-08-E16,48.7,NA,NA,NA,NA,NA,21
2012-09-08-E17,31.6,18.5,20.0,11.5,NA,NA,16
2012-09-08-F06,48.2,19.2,19.0,11.0,NA,NA,16
2012-09-08-FA,24.2,NA,NA,NA,NA,NA,12
2012-09-09-A03,55.9,24.1,28.0,12.0,NA,NA,22
2012-09-09-B06,54.8,21.0,20.0,11.0,NA,NA,16
2012-09-09-B12,48.7,22.0,21.0,12.0,NA,NA,19
2012-09-09-B13,55.7,NA,NA,NA,NA,NA,18
2012-09-09-D05,40.0,NA,NA,NA,NA,NA,20
2012-09-09-D06,55.4,25.5,31.0,12.3,NA,NA,22
2012-09-09-E14,65.8,NA,NA,NA,NA,NA,21
2012-09-09-E16,54.4,23.8,31.0,12.6,NA,NA,22
2012-09-09-E17,35.5,NA,NA,NA,NA,NA,17
2012-09-09-F06,43.2,NA,NA,NA,NA,NA,17
2012-09-09-FA,24.3,NA,NA,NA,NA,NA,13
2012-09-10-A03,50.7,NA,NA,NA,NA,NA,23
2012-09-10-B06,57.6,NA,NA,NA,NA,NA,17
2012-09-10-B12,61.8,NA,NA,NA,NA,NA,20
2012-09-10-B13,65.4,24.0,26.0,12.3,NA,NA,19
2012-09-10-D05,38.3,NA,NA,NA,NA,NA,21
2012-09-10-D06,66.8,NA,NA,NA,NA,NA,23
2012-09-10-E14,60.5,24.2,29.0,13.0,NA,NA,22
2012-09-10-E16,54.3,NA,NA,NA,NA,NA,23
2012-09-10-E17,34.5,NA,NA,NA,NA,NA,18
2012-09-10-F06,50.2,NA,NA,NA,NA,NA,18
2012-09-10-FA,31.5,17.4,18.0,10.7,NA,NA,14
2012-09-11-A03,54.2,NA,NA,NA,NA,NA,24
2012-09-11-B06,51.9,NA,NA,NA,NA,NA,18
2012-09-11-B12,62.2,23.0,30.0,12.3,NA,NA,21
2012-09-11-B13,64.1,24.8,28.0,12.1,NA,NA,20
2012-09-11-D05,47.8,20.1,20.0,12.0,NA,NA,22
2012-09-11-D06,72.0,NA,NA,NA,NA,NA,24
2012-09-11-E14,67.1,NA,NA,NA,NA,NA,23
2012-09-11-E16,62.8,NA,NA,NA,NA,NA,24
2012-09-11-E17,39.0,20.5,23.0,12.0,NA,NA,19
2012-09-11-F06,57.0,21.0,23.0,11.8,NA,NA,19
2012-09-11-FA,37.1,NA,NA,NA,NA,NA,15
2012-09-12-A03,49.3,25.8,34.0,12.5,NA,NA,25
2012-09-12-B06,55.2,23.0,26.0,11.4,NA,NA,19
2012-09-12-B12,65.0,23.9,31.0,12.1,NA,NA,22
2012-09-12-B13,71.0,NA,NA,NA,NA,NA,21
2012-09-12-D05,49.0,NA,NA,NA,NA,NA,23
2012-09-12-D06,71.2,27.6,36.0,12.8,NA,NA,25
2012-09-12-E14,59.5,NA,NA,NA,NA,NA,24
2012-09-12-E16,61.1,25.6,37.0,13.4,NA,NA,25
2012-09-12-E17,39.6,NA,NA,NA,NA,NA,20
2012-09-12-F06,56.5,NA,NA,NA,NA,NA,20
2012-09-12-FA,39.7,NA,NA,NA,NA,NA,16
2012-09-13-A03,52.1,NA,NA,NA,NA,NA,26
2012-09-13-B06,44.9,NA,NA,NA,NA,NA,20
2012-09-13-B12,61.8,NA,NA,NA,NA,NA,23
2012-09-13-B13,69.0,26.1,29.0,12.6,NA,NA,22
2012-09-13-D05,44.8,NA,NA,NA,NA,NA,24
2012-09-13-D06,70.1,NA,NA,NA,NA,NA,26
2012-09-13-E14,61.8,25.9,35.0,13.6,NA,NA,25
2012-09-13-E16,62.1,NA,NA,NA,NA,NA,26
2012-09-13-E17,44.8,NA,NA,NA,NA,NA,21
2012-09-13-F06,49.2,NA,NA,NA,NA,NA,21
2012-09-13-FA,39.4,NA,NA,NA,NA,NA,17
2012-09-14-A03,59.5,NA,NA,NA,NA,NA,27
2012-09-14-B06,53.0,NA,NA,NA,NA,NA,21
2012-09-14-B12,59.9,25.4,35.0,12.4,NA,NA,24
2012-09-14-B13,68.8,26.8,31.0,12.6,NA,NA,23
2012-09-14-D05,40.2,21.7,24.0,12.0,NA,NA,25
2012-09-14-D06,74.8,NA,NA,NA,NA,NA,27
2012-09-14-E14,59.3,NA,NA,NA,NA,NA,26
2012-09-14-E16,63.4,NA,NA,NA,NA,NA,27
2012-09-14-E17,45.5,22.7,25.0,12.5,NA,NA,22
2012-09-14-F06,44.4,22.9,28.0,12.2,NA,NA,22
2012-09-14-FA,47.7,NA,NA,NA,NA,NA,18
2012-09-15-A03,58.4,27.5,43.0,12.7,NA,NA,28
2012-09-15-B06,60.6,24.5,30.0,12.2,NA,NA,22
2012-09-15-B12,65.4,25.2,39.0,12.6,NA,NA,25
2012-09-15-B13,69.5,NA,NA,NA,NA,NA,24
2012-09-15-D05,50.1,NA,NA,NA,NA,NA,26
2012-09-15-D06,73.6,29.4,44.0,13.4,NA,NA,28
2012-09-15-E14,68.6,NA,NA,NA,NA,NA,27
2012-09-15-E16,63.6,26.8,41.0,13.5,NA,NA,28
2012-09-15-E17,42.6,NA,NA,NA,NA,NA,23
2012-09-15-F06,48.9,NA,NA,NA,NA,NA,23
2012-09-15-FA,43.3,NA,NA,NA,NA,NA,19
2012-09-16-A03,55.0,NA,NA,NA,NA,NA,29
2012-09-16-B06,61.6,NA,NA,NA,NA,NA,23
2012-09-16-B12,60.2,NA,NA,NA,NA,NA,26
2012-09-16-B13,71.2,27.7,33.0,13.2,NA,NA,25
2012-09-16-D05,55.9,NA,NA,NA,NA,NA,27
2012-09-16-D06,76.4,NA,NA,NA,NA,NA,29
2012-09-16-E14,72.0,27.1,38.0,14.0,NA,NA,28
2012-09-16-E16,65.1,NA,NA,NA,NA,NA,29
2012-09-16-E17,45.9,NA,NA,NA,NA,NA,24
2012-09-16-F06,45.3,NA,NA,NA,NA,NA,24
2012-09-16-FA,47.9,22.0,24.0,11.8,NA,NA,20
2012-09-17-A03,57.6,NA,NA,NA,NA,NA,30
2012-09-17-B06,69.2,NA,NA,NA,NA,NA,24
2012-09-17-B12,68.1,26.4,41.0,12.6,NA,NA,27
2012-09-17-B13,84.4,28.3,40.0,13.2,NA,NA,26
2012-09-17-D05,56.7,24.0,28.0,13.0,NA,NA,28
2012-09-17-D06,74.8,NA,NA,NA,NA,NA,30
2012-09-17-E14,74.0,NA,NA,NA,NA,NA,29
2012-09-17-E16,73.0,NA,NA,NA,NA,NA,30
2012-09-17-E17,45.0,24.3,30.0,12.8,NA,NA,25
2012-09-17-F06,49.2,24.6,33.0,12.1,NA,NA,25
2012-09-17-FA,47.3,NA,NA,NA,NA,NA,21
2012-09-18-A03,59.2,28.6,49.0,13.2,NA,NA,31
2012-09-18-B06,72.2,26.4,35.0,12.6,NA,NA,25
2012-09-18-B12,73.1,27.3,43.0,13.0,NA,NA,28
2012-09-18-B13,84.1,NA,NA,NA,NA,NA,27
2012-09-18-D05,51.8,NA,NA,NA,NA,NA,29
2012-09-18-D06,82.8,30.8,49.0,13.6,NA,NA,31
2012-09-18-E14,77.8,NA,NA,NA,NA,NA,30
2012-09-18-E16,72.1,28.2,51.0,13.9,NA,NA,31
2012-09-18-E17,50.2,NA,NA,NA,NA,NA,26
2012-09-18-F06,49.2,NA,NA,NA,NA,NA,26
2012-09-18-FA,49.3,NA,NA,NA,NA,NA,22
2012-09-19-A03,65.0,NA,NA,NA,NA,NA,32
2012-09-19-B06,72.1,NA,NA,NA,NA,NA,26
2012-09-19-B12,72.6,NA,NA,NA,NA,NA,29
2012-09-19-B13,85.8,29.6,45.0,13.4,NA,NA,28
2012-09-19-D05,62.5,NA,NA,NA,NA,NA,30
2012-09-19-D06,75.8,NA,NA,NA,NA,NA,32
2012-09-19-E14,71.4,29.1,51.0,14.2,NA,NA,31
2012-09-19-E16,69.4,NA,NA,NA,NA,NA,32
2012-09-19-E17,46.1,NA,NA,NA,NA,NA,27
2012-09-19-F06,67.1,NA,NA,NA,NA,NA,27
2012-09-19-FA,45.9,24.5,29.0,12.9,NA,NA,23
2012-09-20-A03,68.7,NA,NA,NA,NA,NA,33
2012-09-20-B06,79.6,NA,NA,NA,NA,NA,27
2012-09-20-B12,71.5,28.0,50.0,13.5,NA,NA,30
2012-09-20-B13,82.2,29.6,48.0,13.8,NA,NA,29
2012-09-20-D05,61.1,25.7,33.0,13.1,NA,NA,31
2012-09-20-D06,71.2,NA,NA,NA,NA,NA,33
2012-09-20-E14,72.4,NA,NA,NA,NA,NA,32
2012-09-20-E16,70.1,NA,NA,NA,NA,NA,33
2012-09-20-E17,43.3,25.7,33.0,13.5,NA,NA,28
2012-09-20-F06,66.4,26.5,38.0,13.0,NA,NA,28
2012-09-20-FA,44.1,NA,NA,NA,NA,NA,24
2012-09-21-A03,62.4,30.3,58.0,14.0,5.0,5.0,34
2012-09-21-B06,71.7,28.3,43.0,13.6,NA,NA,28
2012-09-21-B12,75.6,28.4,50.0,13.7,NA,NA,31
2012-09-21-B13,95.8,NA,NA,NA,NA,NA,30
2012-09-21-D05,64.9,NA,NA,NA,NA,NA,32
2012-09-21-D06,71.1,31.2,59.0,14.1,NA,NA,34
2012-09-21-E14,66.7,NA,NA,NA,NA,NA,33
2012-09-21-E16,75.3,29.0,59.0,14.6,8.0,8.0,34
2012-09-21-E17,41.0,NA,NA,NA,NA,NA,29
2012-09-21-F06,66.7,NA,NA,NA,NA,NA,29
2012-09-21-FA,52.0,NA,NA,NA,NA,NA,25
2012-09-22-A03,68.5,NA,NA,NA,NA,NA,35
2012-09-22-B06,71.9,NA,NA,NA,NA,NA,29
2012-09-22-B12,74.3,NA,NA,NA,NA,NA,32
2012-09-22-B13,96.5,30.5,53.0,14.3,NA,NA,31
2012-09-22-D05,61.0,NA,NA,NA,NA,NA,33
2012-09-22-D06,82.5,NA,NA,NA,NA,NA,35
2012-09-22-E14,73.3,29.5,59.0,14.8,8.0,8.0,34
2012-09-22-E16,70.1,NA,NA,NA,NA,NA,35
2012-09-22-E17,57.3,NA,NA,NA,NA,NA,30
2012-09-22-F06,69.5,NA,NA,NA,NA,NA,30
2012-09-22-FA,59.2,25.9,32.0,13.0,NA,NA,26
2012-09-23-A03,63.5,NA,NA,NA,NA,NA,36
2012-09-23-B06,79.2,29.5,49.0,13.0,NA,NA,30
2012-09-23-B12,73.4,29.0,58.0,13.9,8.0,8.0,33
2012-09-23-B13,97.7,31.1,58.0,14.6,10.0,10.0,32
2012-09-23-D05,72.8,27.0,36.0,14.0,NA,NA,34
2012-09-23-D06,75.8,NA,NA,NA,NA,NA,36
2012-09-23-E14,67.3,NA,NA,NA,NA,NA,35
2012-09-23-E16,71.6,NA,NA,NA,NA,NA,36
2012-09-23-E17,61.6,27.8,37.0,13.4,NA,NA,31
2012-09-23-F06,68.6,28.0,47.0,13.2,NA,NA,31
2012-09-23-FA,53.9,NA,NA,NA,NA,NA,27
2012-09-24-A03,66.6,30.6,65.0,14.1,15.0,15.0,37
2012-09-24-B06,NA,29.2,53.0,13.5,5.0,5.0,31
2012-09-24-B12,71.6,29.0,62.0,13.9,10.0,13.0,34
2012-09-24-B13,96.6,NA,NA,NA,NA,NA,33
2012-09-24-D05,75.0,NA,NA,NA,NA,NA,35
2012-09-24-D06,78.8,32.5,66.0,14.0,11.0,16.0,37
2012-09-24-E14,70.4,NA,NA,NA,NA,NA,36
2012-09-24-E16,66.7,29.9,66.0,14.6,11.0,15.0,37
2012-09-24-E17,56.8,NA,NA,NA,NA,NA,32
2012-09-24-F06,63.2,NA,NA,NA,NA,NA,32
2012-09-24-FA,58.0,NA,NA,NA,NA,NA,28
2012-09-25-A03,64.9,NA,NA,NA,NA,NA,38
2012-09-25-B12,65.8,NA,NA,NA,NA,NA,35
2012-09-25-B13,91.2,31.7,65.0,15.0,9.0,9.0,34
2012-09-25-D05,68.4,NA,NA,NA,NA,NA,36
2012-09-25-D06,82.4,NA,NA,NA,NA,NA,38
2012-09-25-E14,81.4,30.7,68.0,15.0,15.0,12.0,37
2012-09-25-E16,69.5,NA,NA,NA,NA,NA,38
2012-09-25-E17,52.5,NA,NA,NA,NA,NA,33
2012-09-25-F06,70.3,NA,NA,NA,NA,NA,33
2012-09-25-FA,67.2,27.3,36.0,13.5,NA,NA,29
2012-09-26-A03,69.1,NA,NA,NA,NA,NA,39
2012-09-26-B06,90.7,NA,NA,NA,NA,NA,33
2012-09-26-B12,70.2,29.5,64.0,13.9,14.0,18.0,36
2012-09-26-B13,91.5,32.0,64.0,14.7,11.0,11.0,35
2012-09-26-D05,71.9,28.5,44.0,13.6,NA,NA,37
2012-09-26-D06,80.5,NA,NA,NA,NA,NA,39
2012-09-26-E14,75.7,NA,NA,NA,NA,NA,38
2012-09-26-E16,77.4,NA,NA,NA,NA,NA,39
2012-09-26-E17,65.4,28.6,46.0,13.7,NA,NA,34
2012-09-26-F06,65.3,29.0,56.0,13.3,NA,NA,34
2012-09-26-FA,64.9,NA,NA,NA,NA,NA,30
2012-09-27-A03,74.1,31.5,69.0,14.1,20.0,20.0,40
2012-09-27-B06,82.4,30.7,62.0,13.9,12.0,12.0,34
2012-09-27-B12,85.7,29.6,66.0,13.8,17.0,20.0,37
2012-09-27-B13,91.9,NA,NA,NA,NA,NA,36
2012-09-27-D05,77.2,NA,NA,NA,NA,NA,38
2012-09-27-D06,84.6,32.8,72.0,14.7,17.0,20.0,40
2012-09-27-E14,88.2,31.3,72.0,15.2,18.0,18.0,39
2012-09-27-E16,77.1,30.5,72.0,14.9,18.0,22.0,40
2012-09-27-E17,60.5,NA,NA,NA,NA,NA,35
2012-09-27-F06,72.6,NA,NA,NA,NA,NA,35
2012-09-27-FA,60.6,NA,NA,NA,NA,NA,31
2012-09-28-A03,74.9,NA,NA,NA,NA,NA,41
2012-09-28-B06,91.5,NA,NA,NA,NA,NA,35
2012-09-28-B12,85.5,NA,NA,NA,NA,NA,38
2012-09-28-B13,90.1,32.5,68.0,14.3,14.0,15.0,37
2012-09-28-D05,81.4,NA,NA,NA,NA,NA,39
2012-09-28-D06,79.6,NA,NA,NA,NA,NA,41
2012-09-28-E14,81.5,31.5,76.0,15.4,21.0,20.0,40
2012-09-28-E16,77.5,NA,NA,NA,NA,NA,41
2012-09-28-E17,56.5,NA,NA,NA,NA,NA,36
2012-09-28-F06,64.6,NA,NA,NA,NA,NA,36
2012-09-28-FA,74.1,29.0,41.0,13.9,NA,NA,32
2012-09-29-A03,69.3,NA,NA,NA,NA,NA,42
2012-09-29-B06,84.3,NA,NA,NA,NA,NA,36
2012-09-29-B12,86.1,30.2,71.0,14.3,20.0,23.0,39
2012-09-29-B13,102.1,32.5,71.0,14.7,15.0,15.0,38
2012-09-29-D05,81.4,29.7,53.0,14.0,10.0,10.0,40
2012-09-29-D06,74.9,NA,NA,NA,NA,NA,42
2012-09-29-E14,74.9,NA,NA,NA,NA,NA,41
2012-09-29-E16,71.3,NA,NA,NA,NA,NA,42
2012-09-29-E17,60.7,29.6,55.0,14.5,NA,NA,37
2012-09-29-F06,60.2,29.6,61.0,13.9,10.0,13.0,37
2012-09-29-FA,68.1,NA,NA,NA,NA,NA,33
2012-09-30-A03,64.5,31.8,76.0,14.2,23.0,25.0,43
2012-09-30-B06,88.2,31.5,71.0,14.0,17.0,17.0,37
2012-09-30-B12,79.8,30.3,73.0,14.1,21.0,25.0,40
2012-09-30-B13,99.0,NA,NA,NA,NA,NA,39
2012-09-30-D05,81.7,NA,NA,NA,NA,NA,41
2012-09-30-D06,68.6,32.9,77.0,15.0,25.0,17.0,43
2012-09-30-E14,81.8,NA,NA,NA,NA,NA,42
2012-09-30-E16,67.1,30.5,78.0,14.7,23.0,26.0,43
2012-09-30-E17,57.5,NA,NA,NA,NA,NA,38
2012-09-30-F06,55.2,NA,NA,NA,NA,NA,38
2012-09-30-FA,69.2,NA,NA,NA,NA,NA,34
2012-10-01-A03,68.0,NA,NA,NA,NA,NA,44
2012-10-01-B06,90.2,NA,NA,NA,NA,NA,38
2012-10-01-B12,81.9,NA,NA,NA,NA,NA,41
2012-10-01-B13,92.0,32.7,72.0,14.6,21.0,22.0,40
2012-10-01-D05,86.5,NA,NA,NA,NA,NA,42
2012-10-01-D06,68.5,NA,NA,NA,NA,NA,44
2012-10-01-E14,76.5,31.5,80.0,15.9,25.0,25.0,43
2012-10-01-E16,72.4,NA,NA,NA,NA,NA,44
2012-10-01-E17,63.0,NA,NA,NA,NA,NA,39
2012-10-01-F06,53.8,NA,NA,NA,NA,NA,39
2012-10-01-FA,64.9,29.2,50.0,14.1,10.0,10.0,35
2012-10-02-A03,70.5,NA,NA,NA,NA,NA,45
2012-10-02-B06,83.0,NA,NA,NA,NA,NA,39
2012-10-02-B12,83.1,30.2,75.0,14.4,22.0,25.0,42
2012-10-02-B13,91.2,33.0,76.0,15.0,20.0,22.0,41
2012-10-02-D05,80.6,30.8,63.0,14.5,14.0,17.0,43
2012-10-02-D06,74.7,NA,NA,NA,NA,NA,45
2012-10-02-E14,72.1,NA,NA,NA,NA,NA,44
2012-10-02-E16,77.5,NA,NA,NA,NA,NA,45
2012-10-02-E17,58.8,NA,NA,NA,NA,NA,40
2012-10-02-F06,59.2,NA,NA,NA,NA,NA,40
2012-10-02-FA,60.5,NA,NA,NA,NA,NA,36
2012-10-03-A03,63.8,32.0,87.0,14.5,27.0,30.0,46
2012-10-03-B06,82.3,31.9,79.0,14.5,16.0,19.0,40
2012-10-03-B12,76.3,30.1,79.0,14.5,26.0,32.0,43
2012-10-03-B13,85.4,NA,NA,NA,NA,NA,42
2012-10-03-D05,79.8,NA,NA,NA,NA,NA,44
2012-10-03-D06,80.1,33.0,85.0,15.0,24.0,26.0,46
2012-10-03-E14,77.1,NA,NA,NA,NA,NA,45
2012-10-03-E16,79.0,30.6,88.0,15.1,28.0,33.0,46
2012-10-03-E17,55.7,NA,NA,NA,NA,NA,41
2012-10-03-F06,56.0,NA,NA,NA,NA,NA,41
2012-10-03-FA,70.7,NA,NA,NA,NA,NA,37
2012-10-04-A03,66.8,NA,NA,NA,NA,NA,47
2012-10-04-B06,89.8,NA,NA,NA,NA,NA,41
2012-10-04-B12,79.8,NA,NA,NA,NA,NA,44
2012-10-04-B13,103.5,33.1,78.0,15.2,24.0,27.0,43
2012-10-04-D05,94.7,NA,NA,NA,NA,NA,45
2012-10-04-D06,75.7,NA,NA,NA,NA,NA,47
2012-10-04-E14,82.9,32.0,90.0,15.6,32.0,32.0,46
2012-10-04-E16,80.6,NA,NA,NA,NA,NA,47
2012-10-04-E17,53.8,NA,NA,NA,NA,NA,42
2012-10-04-F06,58.9,NA,NA,NA,NA,NA,42
2012-10-04-FA,79.4,31.0,58.0,14.5,12.0,12.0,38
2012-10-05-A03,63.2,NA,NA,NA,NA,NA,48
2012-10-05-B06,84.5,NA,NA,NA,NA,NA,42
2012-10-05-B12,81.5,30.5,87.0,14.6,28.0,35.0,45
2012-10-05-B13,99.8,NA,NA,NA,NA,NA,44
2012-10-05-D05,87.4,NA,69.0,14.7,19.0,22.0,46
2012-10-05-D06,80.0,NA,NA,NA,NA,NA,48
2012-10-05-E14,86.4,NA,NA,NA,NA,NA,47
2012-10-05-E16,75.0,NA,NA,NA,NA,NA,48
2012-10-05-E17,64.6,31.5,68.0,14.7,10.0,15.0,43
2012-10-05-F06,63.5,30.0,73.0,14.0,18.0,23.0,43
2012-10-05-FA,72.9,NA,NA,NA,NA,NA,39
2012-10-06-A03,66.3,31.6,95.0,14.6,34.0,37.0,49
2012-10-06-B06,79.5,32.0,81.0,14.7,27.0,28.0,43
2012-10-06-B12,79.4,30.4,90.0,14.8,28.0,36.0,46
2012-10-06-B13,97.7,NA,NA,NA,NA,NA,45
2012-10-06-D05,81.2,NA,NA,NA,NA,NA,47
2012-10-06-D06,85.0,33.0,95.0,15.2,27.0,34.0,49
2012-10-06-E14,89.3,NA,NA,NA,NA,NA,48
2012-10-06-E16,70.0,30.9,98.0,15.2,32.0,39.0,49
2012-10-06-E17,69.9,NA,NA,NA,NA,NA,44
2012-10-06-F06,67.7,NA,NA,NA,NA,NA,44
2012-10-06-FA,68.5,NA,NA,NA,NA,NA,40
2012-10-07-A03,66.9,NA,NA,NA,NA,NA,50
2012-10-07-B06,84.2,NA,NA,NA,NA,NA,44
2012-10-07-B12,78.5,NA,NA,NA,NA,NA,47
2012-10-07-B13,94.2,33.1,88.0,15.2,29.0,35.0,46
2012-10-07-D05,85.9,NA,NA,NA,NA,NA,48
2012-10-07-D06,79.1,NA,NA,NA,NA,NA,50
2012-10-07-E14,82.4,32.0,98.0,15.8,37.0,37.0,49
2012-10-07-E16,72.0,NA,NA,NA,NA,NA,50
2012-10-07-E17,64.0,NA,NA,NA,NA,NA,45
2012-10-07-F06,75.3,NA,NA,NA,NA,NA,45
2012-10-07-FA,80.3,31.8,64.0,14.8,12.0,12.0,41
2012-10-08-A03,62.4,NA,NA,NA,NA,NA,51
2012-10-08-B06,82.1,NA,NA,NA,NA,NA,45
2012-10-08-B12,88.7,30.4,98.0,14.7,34.0,41.0,48
2012-10-08-B13,92.5,33.0,92.0,15.7,31.0,36.0,47
2012-10-08-D05,80.1,31.0,75.0,14.8,23.0,26.0,49
2012-10-08-D06,86.1,NA,NA,NA,NA,NA,51
2012-10-08-E14,87.6,NA,NA,NA,NA,NA,50
2012-10-08-E16,67.2,NA,NA,NA,NA,NA,51
2012-10-08-E17,59.8,31.4,72.0,15.0,18.0,23.0,46
2012-10-08-F06,67.6,30.4,76.0,14.5,24.0,29.0,46
2012-10-08-FA,81.5,NA,NA,NA,NA,NA,42
2012-10-09-A03,67.7,31.9,106.0,14.6,40.0,43.0,52
2012-10-09-B06,83.0,32.1,93.0,14.7,32.0,33.0,46
2012-10-09-B12,83.8,30.3,100.0,14.9,35.0,45.0,49
2012-10-09-B13,95.7,NA,NA,NA,NA,NA,48
2012-10-09-D05,75.7,NA,NA,NA,NA,NA,50
2012-10-09-D06,87.1,33.0,105.0,15.2,34.0,41.0,52
2012-10-09-E14,82.8,NA,NA,NA,NA,NA,51
2012-10-09-E16,68.1,30.9,108.0,15.2,37.0,45.0,52
2012-10-09-E17,71.2,NA,NA,NA,NA,NA,47
2012-10-09-F06,71.5,NA,NA,NA,NA,NA,47
2012-10-09-FA,81.9,NA,NA,NA,NA,NA,43
2012-10-10-A03,69.8,NA,NA,NA,NA,NA,53
2012-10-10-B06,87.3,NA,NA,NA,NA,NA,47
2012-10-10-B12,83.4,NA,NA,NA,NA,NA,50
2012-10-10-B13,90.5,33.1,99.0,15.3,38.0,45.0,49
2012-10-10-D05,80.5,NA,NA,NA,NA,NA,51
2012-10-10-D06,91.7,NA,NA,NA,NA,NA,53
2012-10-10-E14,77.8,NA,NA,NA,NA,NA,52
2012-10-10-E16,75.0,NA,NA,NA,NA,NA,53
2012-10-10-E17,78.1,NA,NA,NA,NA,NA,48
2012-10-10-F06,81.2,NA,NA,NA,NA,NA,48
2012-10-10-FA,82.5,31.8,72.0,15.0,10.0,13.0,44
2012-10-11-A03,75.4,NA,NA,NA,NA,NA,54
2012-10-11-B06,79.6,NA,NA,NA,NA,NA,48
2012-10-11-B12,78.2,30.4,107.0,14.5,40.0,47.0,51
2012-10-11-B13,97.1,33.0,105.0,15.3,38.0,43.0,50
2012-10-11-D05,75.6,32.1,85.0,14.6,29.0,34.0,52
2012-10-11-D06,94.9,NA,NA,NA,NA,NA,54
2012-10-11-E14,80.3,NA,NA,NA,NA,NA,53
2012-10-11-E16,67.3,NA,NA,NA,NA,NA,54
2012-10-11-E17,71.1,31.9,78.0,14.9,21.0,27.0,49
2012-10-11-F06,84.3,31.5,87.0,14.3,29.0,35.0,49
2012-10-11-FA,84.2,NA,NA,NA,NA,NA,45
2012-10-12-A03,69.5,31.9,116.0,14.6,45.0,48.0,55
2012-10-12-B06,87.2,32.0,105.0,14.9,36.0,37.0,49
2012-10-12-B12,74.4,30.5,112.0,14.5,40.0,48.0,52
2012-10-12-B13,98.3,NA,NA,NA,NA,NA,51
2012-10-12-D05,83.7,NA,NA,NA,NA,NA,53
2012-10-12-D06,95.7,33.0,115.0,15.0,37.0,44.0,55
2012-10-12-E14,75.7,NA,NA,NA,NA,NA,54
2012-10-12-E16,62.6,30.9,117.0,15.1,41.0,48.0,55
2012-10-12-E17,65.7,NA,NA,NA,NA,NA,50
2012-10-12-F06,84.9,NA,NA,NA,NA,NA,50
2012-10-12-FA,82.0,NA,NA,NA,NA,NA,46
2012-10-13-A03,76.5,NA,NA,NA,NA,NA,56
2012-10-13-B06,90.3,NA,NA,NA,NA,NA,50
2012-10-13-B12,74.2,NA,NA,NA,NA,NA,53
2012-10-13-B13,90.8,33.3,111.0,15.5,39.0,47.0,52
2012-10-13-D05,76.7,NA,NA,NA,NA,NA,54
2012-10-13-D06,90.6,NA,NA,NA,NA,NA,56
2012-10-13-E14,81.4,32.0,119.0,15.7,48.0,52.0,55
2012-10-13-E16,66.6,NA,NA,NA,NA,NA,56
2012-10-13-E17,62.5,NA,NA,NA,NA,NA,51
2012-10-13-F06,85.7,NA,NA,NA,NA,NA,51
2012-10-13-FA,83.5,32.9,76.0,15.1,17.0,20.0,47
2012-10-14-A03,77.8,NA,NA,NA,NA,NA,57
2012-10-14-B06,90.1,NA,NA,NA,NA,NA,51
2012-10-14-B12,74.2,30.5,118.0,14.7,43.0,53.0,54
2012-10-14-B13,105.4,33.3,112.0,15.5,43.0,49.0,53
2012-10-14-D05,81.5,32.1,96.0,14.7,35.0,42.0,55
2012-10-14-D06,90.4,NA,NA,NA,NA,NA,57
2012-10-14-E14,84.9,NA,NA,NA,NA,NA,56
2012-10-14-E16,66.6,NA,NA,NA,NA,NA,57
2012-10-14-E17,72.1,32.9,87.0,14.9,24.0,34.0,52
2012-10-14-F06,89.0,31.5,99.0,14.5,35.0,42.0,52
2012-10-14-FA,88.0,NA,NA,NA,NA,NA,48
2012-10-15-A03,87.9,31.9,127.0,14.6,50.0,56.0,58
2012-10-15-B06,87.9,32.3,112.0,14.7,44.0,47.0,52
2012-10-15-B12,72.9,30.5,121.0,14.7,46.0,55.0,55
2012-10-15-B13,104.4,NA,NA,NA,NA,NA,54
2012-10-15-D05,89.3,NA,NA,NA,NA,NA,56
2012-10-15-D06,85.8,33.0,126.0,15.0,46.0,55.0,58
2012-10-15-E14,86.5,NA,NA,NA,NA,NA,57
2012-10-15-E16,65.2,30.9,126.0,15.1,47.0,56.0,58
2012-10-15-E17,78.8,NA,NA,NA,NA,NA,53
2012-10-15-F06,96.3,NA,NA,NA,NA,NA,53
2012-10-15-FA,81.7,NA,NA,NA,NA,NA,49
2012-10-18-A03,72.7,31.9,137.0,14.6,54.0,64.0,61
2012-10-18-B06,83.7,32.4,126.0,15.0,48.0,57.0,55
2012-10-18-B12,78.0,30.5,129.0,14.7,51.0,64.0,58
2012-10-18-B13,91.2,33.3,128.0,15.5,49.0,61.0,57
2012-10-18-D05,79.2,32.2,109.0,14.7,42.0,51.0,59
2012-10-18-D06,100.9,33.0,133.0,15.0,50.0,61.0,61
2012-10-18-E14,75.7,32.0,135.0,15.7,53.0,61.0,60
2012-10-18-E16,59.5,30.9,136.0,15.1,52.0,67.0,61
2012-10-18-E17,69.8,33.0,96.0,15.1,31.0,40.0,56
2012-10-18-F06,84.2,31.5,108.0,14.8,42.0,50.0,56
2012-10-18-FA,77.7,32.9,90.0,15.3,26.0,29.0,52
2012-10-19-A03,69.2,NA,NA,NA,NA,NA,62
2012-10-19-B06,88.0,NA,NA,NA,NA,NA,56
2012-10-19-B12,81.7,NA,NA,NA,NA,NA,59
2012-10-19-B13,93.0,33.3,134.0,15.5,51.0,64.0,58
2012-10-19-D05,86.8,NA,NA,NA,NA,NA,60
2012-10-19-D06,109.9,NA,NA,NA,NA,NA,62
2012-10-19-E14,89.7,32.0,136.0,15.7,55.0,63.0,61
2012-10-19-E16,57.4,NA,NA,NA,NA,NA,62
2012-10-19-E17,76.7,NA,NA,NA,NA,NA,57
2012-10-19-F06,90.9,NA,NA,NA,NA,NA,57
2012-10-19-FA,83.0,32.9,93.0,15.3,24.0,30.0,53
2012-10-20-A03,81.8,NA,NA,NA,NA,NA,63
2012-10-20-B06,96.1,NA,NA,NA,NA,NA,57
2012-10-20-B12,87.7,30.5,140.0,15.0,54.0,69.0,60
2012-10-20-B13,87.5,33.3,137.0,15.5,52.0,67.0,59
2012-10-20-D05,88.7,32.3,118.0,15.0,47.0,55.0,61
2012-10-20-D06,108.0,NA,NA,NA,NA,NA,63
2012-10-20-E14,90.1,NA,NA,NA,NA,NA,62
2012-10-20-E16,69.5,NA,NA,NA,NA,NA,63
2012-10-20-E17,81.7,33.0,103.0,15.3,35.0,48.0,58
2012-10-20-F06,88.3,31.5,118.0,14.8,46.0,56.0,58
2012-10-20-FA,81.3,NA,NA,NA,NA,NA,54
2012-10-21-A03,80.0,32.0,145.0,14.6,57.0,69.0,64
2012-10-21-B06,102.1,32.5,131.0,15.0,52.0,56.0,58
2012-10-21-B12,86.5,30.5,140.0,15.0,55.0,70.0,61
2012-10-21-B13,95.0,NA,NA,NA,NA,NA,60
2012-10-21-D05,83.0,NA,NA,NA,NA,NA,62
2012-10-21-D06,101.5,33.0,145.0,15.0,54.0,70.0,64
2012-10-21-E14,95.1,NA,NA,NA,NA,NA,63
2012-10-21-E16,79.0,30.9,144.0,15.1,54.0,70.0,64
2012-10-21-E17,75.5,NA,NA,NA,NA,NA,59
2012-10-21-F06,99.6,NA,NA,NA,NA,NA,59
2012-10-21-FA,87.0,NA,NA,NA,NA,NA,55
2012-10-22-A03,73.8,NA,NA,NA,NA,NA,65
2012-10-22-B06,99.1,NA,NA,NA,NA,NA,59
2012-10-22-B12,84.8,NA,NA,NA,NA,NA,62
2012-10-22-B13,99.2,33.3,141.0,15.5,55.0,73.0,61
2012-10-22-D05,88.9,NA,NA,NA,NA,NA,63
2012-10-22-D06,106.9,NA,NA,NA,NA,NA,65
2012-10-22-E14,94.5,32.2,146.0,15.7,58.0,69.0,64
2012-10-22-E16,79.4,NA,NA,NA,NA,NA,65
2012-10-22-E17,71.2,NA,NA,NA,NA,NA,60
2012-10-22-F06,91.9,NA,NA,NA,NA,NA,60
2012-10-22-FA,88.4,33.0,102.0,15.3,33.0,38.0,56
2012-10-23-A03,77.4,NA,NA,NA,NA,NA,66
2012-10-23-B06,96.8,NA,NA,NA,NA,NA,60
2012-10-23-B12,86.5,30.5,148.0,15.0,56.0,75.0,63
2012-10-23-B13,90.5,33.3,146.0,15.5,56.0,73.0,62
2012-10-23-D05,82.5,32.2,126.0,15.0,53.0,65.0,64
2012-10-23-D06,99.9,NA,NA,NA,NA,NA,66
2012-10-23-E14,88.1,NA,NA,NA,NA,NA,65
2012-10-23-E16,72.1,NA,NA,NA,NA,NA,66
2012-10-23-E17,67.8,33.0,114.0,15.4,41.0,54.0,61
2012-10-23-F06,84.9,31.6,130.0,14.8,51.0,63.0,61
2012-10-23-FA,92.2,NA,NA,NA,NA,NA,57
2012-10-24-A03,78.8,32.0,158.0,14.6,60.0,78.0,67
2012-10-24-B06,97.1,32.5,148.0,15.0,57.0,68.0,61
2012-10-24-B12,82.9,30.5,153.0,15.0,54.0,NA,64
2012-10-24-B13,86.8,NA,NA,NA,NA,NA,63
2012-10-24-D05,83.2,NA,NA,NA,NA,NA,65
2012-10-24-D06,95.2,33.0,158.0,15.0,56.0,75.0,67
2012-10-24-E14,97.7,NA,NA,NA,NA,NA,66
2012-10-24-E16,67.4,30.9,156.0,15.1,57.0,78.0,67
2012-10-24-E17,77.0,NA,NA,NA,NA,NA,62
2012-10-24-F06,88.3,NA,NA,NA,NA,NA,62
2012-10-24-FA,92.5,NA,NA,NA,NA,NA,58
2012-10-25-A03,74.1,NA,NA,NA,NA,NA,68
2012-10-25-B06,102.3,NA,NA,NA,NA,NA,62
2012-10-25-B12,82.6,NA,NA,NA,NA,NA,65
2012-10-25-B13,92.8,33.3,154.0,15.5,58.0,79.0,64
2012-10-25-D05,76.7,NA,NA,NA,NA,NA,66
2012-10-25-D06,91.1,NA,NA,NA,NA,NA,68
2012-10-25-E14,91.7,32.2,156.0,15.7,58.0,78.0,67
2012-10-25-E16,70.5,NA,NA,NA,NA,NA,68
2012-10-25-E17,81.6,NA,NA,NA,NA,NA,63
2012-10-25-F06,85.3,NA,NA,NA,NA,NA,63
2012-10-25-FA,90.8,33.0,104.0,15.5,37.0,43.0,59
2012-10-26-A03,70.0,NA,NA,NA,NA,NA,69
2012-10-26-B12,81.9,30.5,159.0,15.0,58.0,80.0,66
2012-10-26-B13,103.5,33.3,154.0,15.5,59.0,82.0,65
2012-10-26-D05,100.1,32.2,138.0,15.0,56.0,71.0,67
2012-10-26-D06,87.8,NA,NA,NA,NA,NA,69
2012-10-26-E14,86.1,NA,NA,NA,NA,NA,68
2012-10-26-E16,79.3,NA,NA,NA,NA,NA,69
2012-10-26-E17,84.7,33.0,124.0,15.4,46.0,59.0,64
2012-10-26-F06,92.3,31.6,142.0,14.8,53.0,71.0,64
2012-10-26-FA,88.9,NA,NA,NA,NA,NA,60
2012-10-27-A03,78.1,32.0,166.0,14.6,60.0,83.0,70
2012-10-27-B06,NA,32.5,154.0,15.0,60.0,74.0,64
2012-10-27-B12,86.2,30.5,163.0,15.0,57.0,80.0,67
2012-10-27-B13,109.0,NA,NA,NA,NA,NA,66
2012-10-27-D05,100.7,NA,NA,NA,NA,NA,68
2012-10-27-D06,84.2,33.0,163.0,15.0,56.0,80.0,70
2012-10-27-E14,94.8,NA,NA,NA,NA,NA,69
2012-10-27-E16,77.2,30.9,164.0,15.1,59.0,83.0,70
2012-10-27-E17,78.0,NA,NA,NA,NA,NA,65
2012-10-27-F06,82.7,NA,NA,NA,NA,NA,65
2012-10-27-FA,83.0,NA,NA,NA,NA,NA,61
2012-10-28-A03,77.6,NA,NA,NA,NA,NA,71
2012-10-28-B06,87.0,NA,NA,NA,NA,NA,65
2012-10-28-B12,77.8,NA,NA,NA,NA,NA,68
2012-10-28-B13,106.5,33.3,164.0,15.5,60.0,86.0,67
2012-10-28-D05,92.3,NA,NA,NA,NA,NA,69
2012-10-28-D06,81.2,NA,NA,NA,NA,NA,71
2012-10-28-E14,88.5,32.2,164.0,15.7,58.0,81.0,70
2012-10-28-E16,76.0,NA,NA,NA,NA,NA,71
2012-10-28-E17,82.0,NA,NA,NA,NA,NA,66
2012-10-28-F06,78.2,NA,NA,NA,NA,NA,66
2012-10-28-FA,78.7,33.0,120.0,15.5,42.0,52.0,62
2012-10-29-A03,72.9,NA,NA,NA,NA,NA,72
2012-10-29-B06,88.4,NA,NA,NA,NA,NA,66
2012-10-29-B12,74.6,30.5,167.0,15.0,55.0,83.0,69
2012-10-29-B13,100.1,33.3,165.0,15.5,60.0,86.0,68
2012-10-29-D05,87.6,32.2,147.0,15.0,57.0,80.0,70
2012-10-29-D06,78.8,NA,NA,NA,NA,NA,72
2012-10-29-E14,84.8,NA,NA,NA,NA,NA,71
2012-10-29-E16,69.5,NA,NA,NA,NA,NA,72
2012-10-29-E17,76.4,33.0,135.0,15.4,51.0,67.0,67
2012-10-29-F06,74.7,31.6,154.0,14.8,55.0,77.0,67
2012-10-29-FA,73.7,NA,NA,NA,NA,NA,63
2012-10-30-A03,69.3,32.0,170.0,14.5,59.0,88.0,73
2012-10-30-B06,81.8,32.5,167.0,15.0,58.0,81.0,67
2012-10-30-B12,70.6,30.5,168.0,15.0,57.0,85.0,70
2012-10-30-B13,95.7,NA,NA,NA,NA,NA,69
2012-10-30-D05,95.2,NA,NA,NA,NA,NA,71
2012-10-30-D06,75.8,33.0,170.0,15.0,57.0,84.0,73
2012-10-30-E14,81.6,NA,NA,NA,NA,NA,72
2012-10-30-E16,80.5,30.9,171.0,15.1,59.0,87.0,73
2012-10-30-E17,72.5,NA,NA,NA,NA,NA,68
2012-10-30-F06,71.2,NA,NA,NA,NA,NA,68
2012-10-30-FA,81.0,NA,NA,NA,NA,NA,64
2012-10-31-A03,67.1,NA,NA,NA,NA,NA,74
2012-10-31-B06,84.2,NA,NA,NA,NA,NA,68
2012-10-31-B12,76.6,NA,NA,NA,NA,NA,71
2012-10-31-B13,91.8,33.3,172.0,15.5,60.0,90.0,70
2012-10-31-D05,88.9,NA,NA,NA,NA,NA,72
2012-10-31-D06,77.9,NA,NA,NA,NA,NA,74
2012-10-31-E14,78.9,32.2,172.0,15.7,60.0,88.0,73
2012-10-31-E16,78.9,NA,NA,NA,NA,NA,74
2012-10-31-E17,69.0,NA,NA,NA,NA,NA,69
2012-10-31-F06,71.2,NA,NA,NA,NA,NA,69
2012-10-31-FA,74.9,33.0,132.0,15.5,49.0,59.0,65
2012-11-01-A03,66.3,NA,NA,NA,NA,NA,75
2012-11-01-B06,86.6,NA,NA,NA,NA,NA,69
2012-11-01-B12,74.6,30.5,175.0,15.0,59.0,85.0,72
2012-11-01-B13,88.2,33.3,179.0,15.5,60.0,90.0,71
2012-11-01-D05,95.3,32.2,157.0,15.0,60.0,84.0,73
2012-11-01-D06,72.7,NA,NA,NA,NA,NA,75
2012-11-01-E14,75.9,NA,NA,NA,NA,NA,74
2012-11-01-E16,77.5,NA,NA,NA,NA,NA,75
2012-11-01-E17,67.5,33.0,147.0,15.4,54.0,70.0,70
2012-11-01-F06,68.1,31.6,159.0,14.8,55.0,80.0,70
2012-11-01-FA,89.1,NA,NA,NA,NA,NA,66
2012-11-02-A03,64.2,32.0,175.0,14.5,58.0,90.0,76
2012-11-02-B06,80.0,32.5,175.0,15.0,58.0,87.0,70
2012-11-02-B12,70.1,30.5,NA,15.0,58.0,88.0,73
2012-11-02-B13,85.4,NA,NA,NA,NA,NA,72
2012-11-02-D05,87.1,NA,NA,NA,NA,NA,74
2012-11-02-D06,70.1,33.0,174.0,15.0,59.0,88.0,76
2012-11-02-E14,73.8,NA,NA,NA,NA,NA,75
2012-11-02-E16,72.1,30.9,175.0,15.1,61.0,90.0,76
2012-11-02-E17,64.0,NA,NA,NA,NA,NA,71
2012-11-02-F06,65.1,NA,NA,NA,NA,NA,71
2012-11-02-FA,82.4,NA,NA,NA,NA,NA,67
2012-11-03-A03,61.7,NA,NA,NA,NA,NA,77
2012-11-03-B06,81.4,NA,NA,NA,NA,NA,71
2012-11-03-B12,69.8,NA,NA,NA,NA,NA,74
2012-11-03-B13,83.2,33.3,176.0,15.5,60.0,93.0,73
2012-11-03-D05,83.9,NA,NA,NA,NA,NA,75
2012-11-03-D06,67.6,NA,NA,NA,NA,NA,77
2012-11-03-E14,70.8,32.2,176.0,15.7,57.0,89.0,76
2012-11-03-E16,72.8,NA,NA,NA,NA,NA,77
2012-11-03-E17,71.1,NA,NA,NA,NA,NA,72
2012-11-03-F06,62.1,NA,NA,NA,NA,NA,72
2012-11-03-FA,93.8,33.0,142.0,15.5,54.0,66.0,68
2012-11-04-A03,62.2,NA,NA,NA,NA,NA,78
2012-11-04-B06,79.4,NA,NA,NA,NA,NA,72
2012-11-04-B12,66.1,30.5,175.0,15.0,58.0,88.0,75
2012-11-04-B13,79.0,33.3,177.0,15.5,60.0,93.0,74
2012-11-04-D05,80.6,32.2,167.0,15.0,60.0,88.0,76
2012-11-04-E14,68.1,NA,NA,NA,NA,NA,77
2012-11-04-E16,68.8,NA,NA,NA,NA,NA,78
2012-11-04-E17,66.6,33.0,154.0,15.4,57.0,77.0,73
2012-11-04-F06,66.3,31.6,168.0,14.8,56.0,83.0,73
2012-11-04-FA,95.5,NA,NA,NA,NA,NA,69
2012-11-05-A03,61.4,32.0,178.0,14.5,59.0,91.0,79
2012-11-05-B06,75.2,32.5,180.0,15.0,62.0,93.0,73
2012-11-05-B12,68.7,30.5,176.0,15.0,58.0,88.0,76
2012-11-05-B13,76.1,NA,NA,NA,NA,NA,75
2012-11-05-D05,77.1,NA,NA,NA,NA,NA,77
2012-11-05-E14,65.2,NA,NA,NA,NA,NA,78
2012-11-05-E16,65.1,30.9,179.0,15.1,61.0,91.0,79
2012-11-05-E17,63.3,NA,NA,NA,NA,NA,74
2012-11-05-F06,75.2,NA,NA,NA,NA,NA,74
2012-11-05-FA,94.9,NA,NA,NA,NA,NA,70
2012-11-06-B12,64.1,NA,NA,NA,NA,NA,77
2012-11-06-B13,79.2,33.3,179.0,15.5,60.0,97.0,76
2012-11-06-D05,74.5,NA,NA,NA,NA,NA,78
2012-11-06-E17,67.2,NA,NA,NA,NA,NA,75
2012-11-06-F06,69.0,NA,NA,NA,NA,NA,75
2012-11-06-FA,95.1,33.0,154.0,15.5,57.0,73.0,71
2012-11-07-B13,75.2,33.3,181.0,15.5,61.0,97.0,77
2012-11-07-D05,71.6,32.2,173.0,15.0,60.0,92.0,79
2012-11-07-E17,72.6,33.0,162.0,15.4,58.0,81.0,76
2012-11-07-F06,65.5,31.6,174.0,14.8,58.0,86.0,76
2012-11-07-FA,91.2,NA,NA,NA,NA,NA,72
2012-11-08-D05,68.7,NA,NA,NA,NA,NA,80
2012-11-08-E17,68.1,NA,NA,NA,NA,NA,77
2012-11-08-F06,63.5,NA,NA,NA,NA,NA,77
2012-11-08-FA,95.0,NA,NA,NA,NA,NA,73
2012-11-09-D05,66.2,NA,NA,NA,NA,NA,81
2012-11-09-E17,72.4,NA,NA,NA,NA,NA,78
2012-11-09-FA,94.1,33.0,162.0,15.5,58.0,80.0,74
2012-11-10-D05,63.2,32.2,177.0,15.0,60.0,93.0,82
2012-11-10-E17,68.7,33.0,168.0,15.4,57.0,85.0,79
2012-11-10-FA,88.7,NA,NA,NA,NA,NA,75
2012-11-11-D05,60.2,NA,NA,NA,NA,NA,83
2012-11-11-E17,64.6,NA,NA,NA,NA,NA,80
2012-11-11-FA,84.6,NA,NA,NA,NA,NA,76
2012-11-12-E17,68.9,NA,NA,NA,NA,NA,81
2012-11-12-FA,89.1,33.0,169.0,15.5,59.0,86.0,77
2014-08-18-B05,11.5,13.1,11.0,9.5,NA,NA,1
2014-08-18-C02,8.4,11.9,9.0,9.1,NA,NA,1
2014-08-18-D06,7.6,12.0,10.0,9.4,NA,NA,1
2014-08-19-B05,10.6,12.8,12.5,9.2,NA,NA,2
2014-08-19-C02,7.5,NA,NA,NA,NA,NA,2
2014-08-19-C08,10.4,12.3,11.5,9.1,NA,NA,1
2014-08-19-D06,8.9,NA,NA,NA,NA,NA,2
2014-08-19-D13,10.4,12.4,8.0,9.1,NA,NA,1
2014-08-19-F09,9.7,NA,NA,NA,NA,NA,1
2014-08-20-B05,14.3,NA,NA,NA,NA,NA,3
2014-08-20-C02,11.4,NA,NA,NA,NA,NA,3
2014-08-20-C08,10.7,NA,NA,NA,NA,NA,2
2014-08-20-D06,10.6,NA,NA,NA,NA,NA,3
2014-08-20-D13,10.8,NA,NA,NA,NA,NA,2
2014-08-20-F09,12.3,NA,NA,NA,NA,NA,2
2014-08-21-A09,7.4,11.6,12.0,9.6,NA,NA,1
2014-08-21-B05,15.3,NA,NA,NA,NA,NA,4
2014-08-21-C02,14.7,NA,NA,NA,NA,NA,4
2014-08-21-C08,11.1,NA,NA,NA,NA,NA,3
2014-08-21-D06,12.4,12.6,12.0,9.6,NA,NA,4
2014-08-21-D13,10.7,NA,NA,NA,NA,NA,3
2014-08-21-F09,15.7,NA,NA,NA,NA,NA,3
2014-08-21-H09,8.5,12.9,14.0,9.0,NA,NA,1
2014-08-22-A09,8.4,12.3,11.0,8.5,NA,NA,2
2014-08-22-B05,17.9,14.4,13.0,9.5,NA,NA,5
2014-08-22-C02,16.9,NA,NA,NA,NA,NA,5
2014-08-22-C08,13.2,13.4,12.0,9.0,NA,NA,4
2014-08-22-D06,13.8,NA,NA,NA,NA,NA,5
2014-08-22-D13,14.7,13.7,13.0,9.4,NA,NA,4
2014-08-22-F09,16.5,NA,NA,NA,NA,NA,4
2014-08-22-H09,10.2,12.9,14.0,9.1,NA,NA,2
2014-08-23-A09,7.5,12.7,12.0,8.6,NA,NA,3
2014-08-23-B05,22.1,NA,NA,NA,NA,NA,6
2014-08-23-C02,18.4,NA,NA,NA,NA,NA,6
2014-08-23-C08,14.2,NA,NA,NA,NA,NA,5
2014-08-23-D06,15.4,NA,NA,NA,NA,NA,6
2014-08-23-D13,16.6,NA,NA,NA,NA,NA,5
2014-08-23-F09,18.5,NA,NA,NA,NA,NA,5
2014-08-23-H09,11.0,NA,NA,NA,NA,NA,3
2014-08-24-A09,9.0,12.3,11.5,8.7,NA,NA,4
2014-08-24-B05,25.1,16.3,13.0,10.0,NA,NA,7
2014-08-24-C02,21.3,14.8,14.0,10.3,NA,NA,7
2014-08-24-C08,17.5,NA,NA,NA,NA,NA,6
2014-08-24-D05,10.7,13.1,13.0,9.0,NA,NA,1
2014-08-24-D06,20.0,14.0,13.0,10.0,NA,NA,7
2014-08-24-D13,18.6,NA,NA,NA,NA,NA,6
2014-08-24-F09,20.3,NA,NA,NA,NA,NA,6
2014-08-24-H09,13.8,14.1,14.0,9.2,NA,NA,4
2014-08-25-A09,10.3,NA,NA,NA,NA,NA,5
2014-08-25-B05,23.5,NA,NA,NA,NA,NA,8
2014-08-25-C02,28.4,NA,NA,NA,NA,NA,8
2014-08-25-C08,22.2,14.5,14.0,9.7,NA,NA,7
2014-08-25-D05,11.0,NA,NA,NA,NA,NA,2
2014-08-25-D06,21.9,NA,NA,NA,NA,NA,8
2014-08-25-D13,19.8,14.6,14.0,9.9,NA,NA,7
2014-08-25-F09,20.9,NA,NA,NA,NA,NA,7
2014-08-25-H09,14.5,NA,NA,NA,NA,NA,5
2014-08-26-A09,10.7,NA,NA,NA,NA,NA,6
2014-08-26-B05,30.1,NA,NA,NA,NA,NA,9
2014-08-26-C02,26.2,NA,NA,NA,NA,NA,9
2014-08-26-C08,22.9,NA,NA,NA,NA,NA,8
2014-08-26-D05,11.9,NA,NA,NA,NA,NA,3
2014-08-26-D06,26.6,NA,NA,NA,NA,NA,9
2014-08-26-D13,22.6,NA,NA,NA,NA,NA,8
2014-08-26-F09,23.3,NA,NA,NA,NA,NA,8
2014-08-26-H09,16.5,NA,NA,NA,NA,NA,6
2014-08-27-A09,11.6,13.5,13.0,9.3,NA,NA,7
2014-08-27-B05,33.4,18.2,17.0,10.5,NA,NA,10
2014-08-27-C02,31.2,16.8,17.0,10.8,NA,NA,10
2014-08-27-C08,29.3,NA,NA,NA,NA,NA,9
2014-08-27-D05,13.8,NA,NA,NA,NA,NA,4
2014-08-27-D06,26.0,16.7,14.0,10.9,NA,NA,10
2014-08-27-D13,27.0,NA,NA,NA,NA,NA,9
2014-08-27-E14,9.3,13.0,12.0,9.4,NA,NA,1
2014-08-27-F09,26.3,19.7,19.0,11.6,NA,NA,9
2014-08-27-H09,18.5,15.6,13.0,9.5,NA,NA,7
2014-08-28-E14,10.5,NA,NA,NA,NA,NA,2
2014-08-29-A09,13.3,NA,NA,NA,NA,NA,9
2014-08-29-B05,31.3,NA,NA,NA,NA,NA,12
2014-08-29-B13,13.2,13.4,12.5,9.5,NA,NA,1
2014-08-29-C02,26.4,NA,NA,NA,NA,NA,12
2014-08-29-C08,30.3,18.0,17.0,10.5,NA,NA,11
2014-08-29-D13,30.7,17.7,17.5,11.1,NA,NA,11
2014-08-29-E14,10.5,NA,NA,NA,NA,NA,3
2014-08-29-F09,27.3,NA,NA,NA,NA,NA,11
2014-08-29-H09,28.2,NA,NA,NA,NA,NA,9
2014-08-30-B13,12.6,NA,NA,NA,NA,NA,2
2014-08-30-C08,27.2,NA,NA,NA,NA,NA,12
2014-08-30-D05,17.7,NA,NA,NA,NA,NA,7
2014-08-30-D13,30.2,NA,NA,NA,NA,NA,12
2014-08-30-E14,17.9,NA,NA,NA,NA,NA,4
2014-08-30-F09,30.1,NA,NA,NA,NA,NA,12
2014-08-30-H09,24.4,17.7,18.0,10.5,NA,NA,10
2014-08-31-A09,11.4,NA,NA,NA,NA,NA,11
2014-08-31-B05,26.5,NA,NA,NA,NA,NA,14
2014-08-31-B13,14.4,NA,NA,NA,NA,NA,3
2014-08-31-C02,26.4,NA,NA,NA,NA,NA,14
2014-08-31-C08,30.4,19.0,19.5,11.0,NA,NA,13
2014-08-31-D05,15.9,NA,NA,NA,NA,NA,8
2014-08-31-D06,44.9,NA,NA,NA,NA,NA,14
2014-08-31-D13,33.9,18.7,17.5,10.9,NA,NA,13
2014-08-31-E14,14.4,NA,NA,NA,NA,NA,5
2014-08-31-F09,35.4,NA,NA,NA,NA,NA,13
2014-08-31-H09,26.1,NA,NA,NA,NA,NA,11
2014-09-01-A09,19.5,NA,NA,NA,NA,NA,12
2014-09-01-B05,34.4,NA,NA,NA,NA,NA,15
2014-09-01-B13,19.5,14.0,14.0,9.9,NA,NA,4
2014-09-01-C02,31.3,NA,NA,NA,NA,NA,15
2014-09-01-C08,34.0,NA,NA,NA,NA,NA,14
2014-09-01-D05,23.9,NA,NA,NA,NA,NA,9
2014-09-01-D06,40.3,NA,NA,NA,NA,NA,15
2014-09-01-D13,36.6,NA,NA,NA,NA,NA,14
2014-09-01-E14,12.7,NA,NA,NA,NA,NA,6
2014-09-01-F09,42.6,NA,NA,NA,NA,NA,14
2014-09-01-H09,23.2,NA,NA,NA,NA,NA,12
2014-09-02-A09,21.6,15.6,14.0,10.1,NA,NA,13
2014-09-02-B05,39.4,21.7,19.0,11.0,NA,NA,16
2014-09-02-B13,19.7,NA,NA,NA,NA,NA,5
2014-09-02-C02,28.0,20.0,21.5,11.4,NA,NA,16
2014-09-02-C08,37.4,NA,NA,NA,NA,NA,15
2014-09-02-D05,31.7,NA,NA,NA,NA,NA,10
2014-09-02-D06,40.6,21.0,20.5,11.9,NA,NA,16
2014-09-02-D13,34.5,NA,NA,NA,NA,NA,15
2014-09-02-E14,15.8,NA,NA,NA,NA,NA,7
2014-09-02-F09,48.4,NA,NA,NA,NA,NA,15
2014-09-02-H09,21.9,18.4,18.0,11.1,NA,NA,13
2014-09-03-A09,18.3,NA,NA,NA,NA,NA,14
2014-09-03-B05,46.6,NA,NA,NA,NA,NA,17
2014-09-03-B13,22.8,NA,NA,NA,NA,NA,6
2014-09-03-C02,29.6,NA,NA,NA,NA,NA,17
2014-09-03-C08,37.2,21.1,21.5,11.5,NA,NA,16
2014-09-03-D05,29.0,NA,NA,NA,NA,NA,11
2014-09-03-D06,48.5,NA,NA,NA,NA,NA,17
2014-09-03-D13,38.1,20.4,21.0,11.5,NA,NA,16
2014-09-03-E14,24.3,NA,NA,NA,NA,NA,8
2014-09-03-F09,46.8,NA,NA,NA,NA,NA,16
2014-09-03-H09,20.9,NA,NA,NA,NA,NA,14
2014-09-04-A09,16.5,NA,NA,NA,NA,NA,15
2014-09-04-B05,54.0,NA,NA,NA,NA,NA,18
2014-09-04-B13,25.3,15.9,14.0,10.4,NA,NA,7
2014-09-04-C02,27.8,NA,NA,NA,NA,NA,18
2014-09-04-C08,34.6,NA,NA,NA,NA,NA,17
2014-09-04-D05,32.2,NA,NA,NA,NA,NA,12
2014-09-04-D06,49.4,NA,NA,NA,NA,NA,18
2014-09-04-D13,43.2,NA,NA,NA,NA,NA,17
2014-09-04-E14,28.9,NA,NA,NA,NA,NA,9
2014-09-04-F09,44.5,NA,NA,NA,NA,NA,17
2014-09-04-H09,40.5,NA,NA,NA,NA,NA,15
2014-09-05-F09,41.7,NA,NA,NA,NA,NA,18
2014-09-09-A09,30.0,NA,NA,NA,NA,NA,20
2014-09-09-B05,40.0,NA,NA,NA,NA,NA,23
2014-09-09-B13,39.1,NA,NA,NA,NA,NA,12
2014-09-09-C02,40.1,NA,NA,NA,NA,NA,23
2014-09-09-C08,36.1,23.7,27.0,12.3,NA,NA,22
2014-09-09-D05,44.8,NA,NA,NA,NA,NA,17
2014-09-09-D06,42.3,NA,NA,NA,NA,NA,23
2014-09-09-D13,41.6,23.6,27.0,12.5,NA,NA,22
2014-09-09-E14,30.9,NA,NA,NA,NA,NA,14
2014-09-09-F09,38.5,NA,NA,NA,NA,NA,22
2014-09-09-H09,38.6,NA,NA,NA,NA,NA,20
2014-09-10-A09,26.7,NA,NA,NA,NA,NA,21
2014-09-10-B05,37.1,NA,NA,NA,NA,NA,24
2014-09-10-B13,36.0,20.3,19.0,11.6,NA,NA,13
2014-09-10-C02,51.0,NA,NA,NA,NA,NA,24
2014-09-10-C08,34.0,NA,NA,NA,NA,NA,23
2014-09-10-D05,42.7,NA,NA,NA,NA,NA,18
2014-09-10-D06,39.9,NA,NA,NA,NA,NA,24
2014-09-10-D13,39.2,NA,NA,NA,NA,NA,23
2014-09-10-E14,34.5,NA,NA,NA,NA,NA,15
2014-09-10-F09,40.5,NA,NA,NA,NA,NA,23
2014-09-10-H09,35.9,NA,NA,NA,NA,NA,21
2014-09-11-A09,24.6,20.6,20.0,11.5,NA,NA,22
2014-09-11-B05,34.8,25.5,29.5,12.1,NA,NA,25
2014-09-11-B13,41.1,NA,NA,NA,NA,NA,14
2014-09-11-C02,48.3,25.0,31.0,12.2,NA,NA,25
2014-09-11-C08,40.1,NA,NA,NA,NA,NA,24
2014-09-11-D05,46.8,NA,NA,NA,NA,NA,19
2014-09-11-D06,38.3,26.5,30.0,13.5,NA,NA,25
2014-09-11-D13,37.3,NA,NA,NA,NA,NA,24
2014-09-11-E14,31.8,NA,NA,NA,NA,NA,16
2014-09-11-F09,44.5,NA,NA,NA,NA,NA,24
2014-09-11-H09,34.4,23.9,26.0,12.2,NA,NA,22
2014-09-12-A09,23.4,NA,NA,NA,NA,NA,23
2014-09-12-B05,53.4,NA,NA,NA,NA,NA,26
2014-09-12-B13,41.5,NA,NA,NA,NA,NA,15
2014-09-12-C02,49.5,NA,NA,NA,NA,NA,26
2014-09-12-C08,45.9,24.9,31.0,13.1,NA,NA,25
2014-09-12-D05,50.0,NA,NA,NA,NA,NA,20
2014-09-12-D06,43.4,NA,NA,NA,NA,NA,26
2014-09-12-D13,44.6,24.5,31.0,12.9,NA,NA,25
2014-09-12-E14,30.0,NA,NA,NA,NA,NA,17
2014-09-12-F09,40.7,NA,NA,NA,NA,NA,25
2014-09-12-H09,47.6,NA,NA,NA,NA,NA,23
2014-09-13-A09,22.4,NA,NA,NA,NA,NA,24
2014-09-13-B05,48.2,NA,NA,NA,NA,NA,27
2014-09-13-B13,43.3,22.0,20.0,11.8,NA,NA,16
2014-09-13-C02,51.9,NA,NA,NA,NA,NA,27
2014-09-13-C08,46.5,NA,NA,NA,NA,NA,26
2014-09-13-D05,60.6,23.7,27.0,12.7,NA,NA,21
2014-09-13-D06,40.0,NA,NA,NA,NA,NA,27
2014-09-13-D13,40.2,NA,NA,NA,NA,NA,26
2014-09-13-E14,33.4,22.1,23.0,12.0,NA,NA,18
2014-09-13-F09,44.9,NA,NA,NA,NA,NA,26
2014-09-13-H09,50.4,NA,NA,NA,NA,NA,24
2014-09-14-A09,25.8,21.5,21.5,12.2,NA,NA,25
2014-09-14-B05,43.2,26.9,31.5,12.1,NA,NA,28
2014-09-14-B13,39.5,NA,NA,NA,NA,NA,17
2014-09-14-C02,52.8,26.2,36.0,13.6,NA,NA,28
2014-09-14-C08,49.2,NA,NA,NA,NA,NA,27
2014-09-14-D05,55.6,NA,NA,NA,NA,NA,22
2014-09-14-D06,36.8,28.0,35.0,13.0,NA,NA,28
2014-09-14-D13,37.8,NA,NA,NA,NA,NA,27
2014-09-14-E14,31.4,NA,NA,NA,NA,NA,19
2014-09-14-F09,50.8,NA,NA,NA,NA,NA,27
2014-09-14-H09,45.1,25.7,30.0,13.5,NA,NA,25
2014-09-15-A09,31.3,NA,NA,NA,NA,NA,26
2014-09-15-B05,50.6,NA,NA,NA,NA,NA,29
2014-09-15-B13,37.6,NA,NA,NA,NA,NA,18
2014-09-15-C02,46.7,NA,NA,NA,NA,NA,29
2014-09-15-C08,54.1,27.4,34.0,13.3,NA,NA,28
2014-09-15-D05,63.1,NA,NA,NA,NA,NA,23
2014-09-15-D06,35.2,NA,NA,NA,NA,NA,29
2014-09-15-D13,53.4,26.2,49.0,13.2,NA,NA,28
2014-09-15-E14,58.9,NA,NA,NA,NA,NA,20
2014-09-15-F09,51.9,NA,NA,NA,NA,NA,28
2014-09-15-H09,49.0,NA,NA,NA,NA,NA,26
2014-09-16-A09,31.0,NA,NA,NA,NA,NA,27
2014-09-16-B05,57.7,NA,NA,NA,NA,NA,30
2014-09-16-B13,45.5,23.5,23.0,11.6,NA,NA,19
2014-09-16-C02,51.0,NA,NA,NA,NA,NA,30
2014-09-16-C08,51.0,NA,NA,NA,NA,NA,29
2014-09-16-D05,65.9,25.3,30.0,12.7,NA,NA,24
2014-09-16-D06,47.6,NA,NA,NA,NA,NA,30
2014-09-16-D13,55.8,NA,NA,NA,NA,NA,29
2014-09-16-E14,57.2,24.4,24.0,12.5,NA,NA,21
2014-09-16-F09,42.5,NA,NA,NA,NA,NA,29
2014-09-16-H09,45.3,NA,NA,NA,NA,NA,27
2014-09-17-A09,45.0,24.0,25.0,12.4,NA,NA,28
2014-09-17-B05,52.6,28.3,35.0,13.0,NA,NA,31
2014-09-17-B13,50.5,NA,NA,NA,NA,NA,20
2014-09-17-C02,53.5,27.5,39.0,13.5,NA,NA,31
2014-09-17-C08,53.6,NA,NA,NA,NA,NA,30
2014-09-17-D05,66.3,NA,NA,NA,NA,NA,25
2014-09-17-D06,49.5,28.6,35.0,13.3,NA,NA,31
2014-09-17-D13,55.8,NA,NA,NA,NA,NA,30
2014-09-17-E14,50.1,NA,NA,NA,NA,NA,22
2014-09-17-F09,56.3,NA,NA,NA,NA,NA,30
2014-09-17-H09,52.5,27.7,34.0,13.0,NA,NA,28
2014-09-18-A09,46.1,NA,NA,NA,NA,NA,29
2014-09-18-B05,48.7,NA,NA,NA,NA,NA,32
2014-09-18-B13,56.5,NA,NA,NA,NA,NA,21
2014-09-18-C02,48.9,NA,NA,NA,NA,NA,32
2014-09-18-C08,56.4,28.9,41.0,13.8,NA,NA,31
2014-09-18-D05,66.8,NA,NA,NA,NA,NA,26
2014-09-18-D06,62.3,NA,NA,NA,NA,NA,32
2014-09-18-D13,51.5,27.2,43.0,13.2,NA,NA,31
2014-09-18-E14,55.6,NA,NA,NA,NA,NA,23
2014-09-18-F09,56.5,NA,NA,NA,NA,NA,31
2014-09-18-H09,52.9,NA,NA,NA,NA,NA,29
2014-09-19-B13,52.0,25.4,27.0,12.4,NA,NA,22
2014-09-19-D05,62.7,27.2,35.0,13.7,NA,NA,27
2014-09-19-E14,51.7,26.4,30.5,12.8,NA,NA,24
2014-09-20-A09,38.3,25.8,26.0,12.4,NA,NA,31
2014-09-20-B05,45.4,29.0,37.0,12.6,NA,NA,34
2014-09-20-B13,56.4,NA,NA,NA,NA,NA,23
2014-09-20-C02,53.2,29.0,49.0,13.8,NA,NA,34
2014-09-20-C08,67.1,NA,NA,NA,NA,NA,33
2014-09-20-D05,59.1,NA,NA,NA,NA,NA,28
2014-09-20-D06,61.9,30.0,41.0,13.7,NA,NA,34
2014-09-20-D13,50.1,NA,NA,NA,NA,NA,33
2014-09-20-E14,48.0,NA,NA,NA,NA,NA,25
2014-09-20-F09,55.0,NA,NA,NA,NA,NA,33
2014-09-20-H09,56.3,29.2,36.5,13.5,NA,NA,31
2014-09-21-A09,36.4,NA,NA,NA,NA,NA,32
2014-09-21-B05,42.1,NA,NA,NA,NA,NA,35
2014-09-21-B13,61.1,NA,NA,NA,NA,NA,24
2014-09-21-C02,49.1,NA,NA,NA,NA,NA,35
2014-09-21-C08,69.0,30.3,50.0,14.2,NA,NA,34
2014-09-21-D05,68.6,NA,NA,NA,NA,NA,29
2014-09-21-D06,66.2,NA,NA,NA,NA,NA,35
2014-09-21-D13,47.7,28.8,53.0,13.6,8.0,8.0,34
2014-09-21-E14,57.1,NA,NA,NA,NA,NA,26
2014-09-21-F09,52.7,NA,NA,NA,NA,NA,34
2014-09-21-H09,52.0,NA,NA,NA,NA,NA,32
2014-09-22-A09,34.8,NA,NA,NA,NA,NA,33
2014-09-22-B05,40.2,NA,NA,NA,NA,NA,36
2014-09-22-B13,61.9,27.2,28.5,13.2,NA,NA,25
2014-09-22-C02,50.8,NA,NA,NA,NA,NA,36
2014-09-22-C08,64.2,NA,NA,NA,NA,NA,35
2014-09-22-D05,79.0,28.7,38.0,13.6,NA,NA,30
2014-09-22-D06,79.4,NA,NA,NA,NA,NA,36
2014-09-22-D13,56.1,NA,NA,NA,NA,NA,35
2014-09-22-E14,61.1,28.2,31.0,13.2,NA,NA,27
2014-09-22-F09,61.0,NA,NA,NA,NA,NA,35
2014-09-22-H09,60.0,NA,NA,NA,NA,NA,33
2014-09-23-A09,32.4,26.3,30.0,12.7,NA,NA,34
2014-09-23-B05,37.3,29.5,46.0,12.8,8.0,8.0,37
2014-09-23-B13,79.4,NA,NA,NA,NA,NA,26
2014-09-23-C02,49.0,29.0,55.5,14.1,11.0,11.0,37
2014-09-23-C08,67.0,NA,NA,NA,NA,NA,36
2014-09-23-D05,80.3,NA,NA,NA,NA,NA,31
2014-09-23-D06,77.7,31.6,51.0,14.4,8.0,8.0,37
2014-09-23-D13,64.5,NA,NA,NA,NA,NA,36
2014-09-23-E14,56.7,NA,NA,NA,NA,NA,28
2014-09-23-F09,65.2,28.3,55.0,13.5,10.0,10.0,36
2014-09-23-H09,63.5,30.2,44.0,14.5,8.0,8.0,34
2014-09-24-A09,32.0,NA,NA,NA,NA,NA,35
2014-09-24-B05,35.7,NA,NA,NA,NA,NA,38
2014-09-24-B13,73.8,NA,NA,NA,NA,NA,27
2014-09-24-C02,53.5,NA,NA,NA,NA,NA,38
2014-09-24-C08,62.1,31.3,61.0,14.5,10.0,NA,37
2014-09-24-D05,72.9,NA,NA,NA,NA,NA,32
2014-09-24-D06,83.3,NA,NA,NA,NA,NA,38
2014-09-24-D13,65.4,29.6,58.0,13.8,12.0,12.0,37
2014-09-24-E14,70.2,NA,NA,NA,NA,NA,29
2014-09-24-F09,68.3,NA,NA,NA,NA,NA,37
2014-09-24-H09,65.5,NA,NA,NA,NA,NA,35
2014-09-25-A09,49.2,NA,NA,NA,NA,NA,36
2014-09-25-B05,43.5,NA,NA,NA,NA,NA,39
2014-09-25-B13,70.0,28.7,36.5,13.4,NA,NA,28
2014-09-25-C02,57.9,NA,NA,NA,NA,NA,39
2014-09-25-C08,63.0,NA,NA,NA,NA,NA,38
2014-09-25-D05,75.0,30.1,46.0,14.1,8.0,8.0,33
2014-09-25-D06,90.3,NA,NA,NA,NA,NA,39
2014-09-25-D13,60.4,NA,NA,NA,NA,NA,38
2014-09-25-E14,75.5,30.0,35.0,13.2,NA,NA,30
2014-09-25-F09,64.6,NA,NA,NA,NA,NA,38
2014-09-25-H09,66.2,NA,NA,NA,NA,NA,36
2014-09-26-A09,54.9,27.3,33.5,13.2,NA,NA,37
2014-09-26-B05,52.7,29.8,50.5,13.4,10.0,10.0,40
2014-09-26-B13,71.6,NA,NA,NA,NA,NA,29
2014-09-26-C02,NA,30.1,60.5,14.4,18.0,15.0,40
2014-09-26-C08,71.1,NA,NA,NA,NA,NA,39
2014-09-26-D05,69.5,NA,NA,NA,NA,NA,34
2014-09-26-D06,94.2,33.0,60.0,14.5,14.0,14.0,40
2014-09-26-D13,57.5,NA,NA,NA,NA,NA,39
2014-09-26-E14,74.5,NA,NA,NA,NA,NA,31
2014-09-26-F09,72.5,28.8,62.0,13.8,15.0,15.0,39
2014-09-26-H09,70.5,31.8,52.0,14.8,9.0,9.0,37
2014-09-27-A09,51.6,NA,NA,NA,NA,NA,38
2014-09-27-B05,48.0,NA,NA,NA,NA,NA,41
2014-09-27-B13,67.6,NA,NA,NA,NA,NA,30
2014-09-27-C02,71.8,NA,NA,NA,NA,NA,41
2014-09-27-C08,68.6,31.2,67.5,14.8,18.0,16.0,40
2014-09-27-D05,86.6,NA,NA,NA,NA,NA,35
2014-09-27-D06,92.4,NA,NA,NA,NA,NA,41
2014-09-27-D13,54.9,30.0,62.5,13.9,14.0,14.0,40
2014-09-27-E14,76.6,NA,NA,NA,NA,NA,32
2014-09-27-F09,67.5,NA,NA,NA,NA,NA,40
2014-09-27-H09,65.5,NA,NA,NA,NA,NA,38
2014-09-28-A09,47.7,NA,NA,NA,NA,NA,39
2014-09-28-B05,50.6,NA,NA,NA,NA,NA,42
2014-09-28-B13,84.0,29.6,46.0,13.8,NA,NA,31
2014-09-28-C02,70.0,NA,NA,NA,NA,NA,42
2014-09-28-C08,69.3,NA,NA,NA,NA,NA,41
2014-09-28-D05,81.7,31.1,60.0,14.1,13.5,13.5,36
2014-09-28-D06,85.6,NA,NA,NA,NA,NA,42
2014-09-28-D13,60.1,NA,NA,NA,NA,NA,41
2014-09-28-E14,81.5,31.2,45.0,14.3,NA,NA,33
2014-09-28-F09,64.6,NA,NA,NA,NA,NA,41
2014-09-28-H09,61.8,NA,NA,NA,NA,NA,39
2014-09-29-A09,45.0,28.3,43.5,13.4,NA,NA,40
2014-09-29-B05,46.6,30.3,59.5,13.6,16.0,12.0,43
2014-09-29-B13,76.9,NA,NA,NA,NA,NA,32
2014-09-29-C02,72.5,29.5,68.0,14.8,18.0,19.0,43
2014-09-29-C08,63.3,NA,NA,NA,NA,NA,42
2014-09-29-D05,84.7,NA,NA,NA,NA,NA,37
2014-09-29-D06,91.9,33.2,66.0,15.4,10.0,12.0,43
2014-09-29-D13,74.3,NA,NA,NA,NA,NA,42
2014-09-29-E14,88.9,NA,NA,NA,NA,NA,34
2014-09-29-F09,72.6,29.0,67.0,13.9,26.0,20.0,42
2014-09-29-H09,67.2,32.2,59.0,15.5,11.0,12.0,40
2014-09-30-A09,42.2,NA,NA,NA,NA,NA,41
2014-09-30-B05,43.8,NA,NA,NA,NA,NA,44
2014-09-30-B13,78.4,NA,NA,NA,NA,NA,33
2014-09-30-C02,75.6,NA,NA,NA,NA,NA,44
2014-09-30-C08,59.4,31.9,72.0,15.1,21.0,18.0,43
2014-09-30-D05,86.1,NA,NA,NA,NA,NA,38
2014-09-30-D06,91.9,NA,NA,NA,NA,NA,44
2014-09-30-D13,73.1,30.5,67.0,14.5,21.0,20.0,43
2014-09-30-E14,81.6,NA,NA,NA,NA,NA,35
2014-09-30-F09,71.0,NA,NA,NA,NA,NA,43
2014-09-30-H09,73.8,NA,NA,NA,NA,NA,41
2014-10-01-A09,40.7,NA,NA,NA,NA,NA,42
2014-10-01-B05,55.3,NA,NA,NA,NA,NA,45
2014-10-01-B13,80.5,31.2,52.0,14.4,5.0,5.0,34
2014-10-01-C02,77.9,NA,NA,NA,NA,NA,45
2014-10-01-C08,56.5,NA,NA,NA,NA,NA,44
2014-10-01-D05,80.1,32.2,62.5,15.5,22.0,27.0,39
2014-10-01-D06,95.9,NA,NA,NA,NA,NA,45
2014-10-01-D13,77.8,NA,NA,NA,NA,NA,44
2014-10-01-E14,77.1,32.6,46.5,14.6,7.0,7.0,36
2014-10-01-F09,68.9,NA,NA,NA,NA,NA,44
2014-10-01-H09,69.2,NA,NA,NA,NA,NA,42
2014-10-02-A09,38.8,28.9,45.0,13.5,NA,NA,43
2014-10-02-B05,50.1,30.7,61.0,13.8,18.0,19.0,46
2014-10-02-B13,83.6,NA,NA,NA,NA,NA,35
2014-10-02-C02,80.0,30.2,72.5,15.1,24.0,25.0,46
2014-10-02-C08,54.7,NA,NA,NA,NA,NA,45
2014-10-02-D05,84.2,NA,NA,NA,NA,NA,40
2014-10-02-D06,98.8,NA,NA,NA,NA,NA,46
2014-10-02-D13,80.4,NA,NA,NA,NA,NA,45
2014-10-02-E14,72.8,NA,NA,NA,NA,NA,37
2014-10-02-F09,66.9,29.6,76.0,14.1,22.0,25.0,45
2014-10-02-H09,73.2,33.7,64.0,14.9,12.0,13.0,43
2014-10-03-A09,47.1,NA,NA,NA,NA,NA,44
2014-10-03-B05,66.2,NA,NA,NA,NA,NA,47
2014-10-03-B13,78.0,NA,NA,NA,NA,NA,36
2014-10-03-C02,91.2,NA,NA,NA,NA,NA,47
2014-10-03-D05,77.7,NA,NA,NA,NA,NA,41
2014-10-03-D06,98.2,33.6,73.0,15.1,18.0,19.0,47
2014-10-03-D13,73.4,31.6,74.5,14.5,20.5,21.5,46
2014-10-03-E14,69.5,NA,NA,NA,NA,NA,38
2014-10-03-F09,79.0,NA,NA,NA,NA,NA,46
2014-10-03-H09,68.5,NA,NA,NA,NA,NA,44
2014-10-04-A09,53.1,NA,NA,NA,NA,NA,45
2014-10-04-B05,68.4,NA,NA,NA,NA,NA,48
2014-10-04-B13,84.8,32.1,59.0,14.9,14.0,14.0,37
2014-10-04-C02,89.5,NA,NA,NA,NA,NA,48
2014-10-04-D05,82.8,32.1,69.0,14.6,22.0,22.5,42
2014-10-04-D06,101.9,NA,NA,NA,NA,NA,48
2014-10-04-D13,74.5,NA,NA,NA,NA,NA,47
2014-10-04-E14,65.9,34.0,56.0,14.5,11.0,11.0,39
2014-10-04-F09,85.6,NA,NA,NA,NA,NA,47
2014-10-04-H09,83.2,NA,NA,NA,NA,NA,45
2014-10-05-A09,58.0,NA,56.0,14.6,7.0,7.0,46
2014-10-05-B05,72.3,31.1,68.0,14.0,25.0,25.5,49
2014-10-05-B13,84.3,NA,NA,NA,NA,NA,38
2014-10-05-C02,92.8,30.0,85.5,14.8,29.5,32.0,49
2014-10-05-D05,87.9,NA,NA,NA,NA,NA,43
2014-10-05-D06,95.0,32.5,77.0,15.5,22.0,23.0,49
2014-10-05-D13,74.3,NA,NA,NA,NA,NA,48
2014-10-05-E14,85.3,NA,NA,NA,NA,NA,40
2014-10-05-F09,80.5,29.5,87.0,14.4,33.0,33.5,48
2014-10-09-A09,46.8,NA,NA,NA,NA,NA,50
2014-10-09-B05,60.7,NA,NA,NA,NA,NA,53
2014-10-09-B13,79.4,NA,NA,NA,NA,NA,42
2014-10-09-C02,74.6,NA,NA,NA,NA,NA,53
2014-10-09-D05,79.6,NA,NA,NA,NA,NA,47
2014-10-09-D06,81.2,NA,NA,NA,NA,NA,53
2014-10-09-D13,55.4,31.7,95.0,15.0,35.0,38.0,52
2014-10-09-E14,82.3,NA,NA,NA,NA,NA,44
2014-10-09-F09,66.5,NA,NA,NA,NA,NA,52
2014-10-09-H09,70.8,NA,NA,NA,NA,NA,50
2014-10-10-A09,44.3,NA,NA,NA,NA,NA,51
2014-10-10-B05,57.5,NA,NA,NA,NA,NA,54
2014-10-10-B13,75.7,32.9,71.5,15.0,23.0,19.0,43
2014-10-10-C02,69.0,NA,NA,NA,NA,NA,54
2014-10-10-D05,76.4,32.6,92.0,15.2,32.0,36.0,48
2014-10-10-D06,77.2,NA,NA,NA,NA,NA,54
2014-10-10-D13,59.7,NA,NA,NA,NA,NA,53
2014-10-10-E14,77.5,34.4,68.0,15.2,20.5,19.0,45
2014-10-10-F09,62.2,NA,NA,NA,NA,NA,53
2014-10-10-H09,66.7,NA,NA,NA,NA,NA,51
2014-10-11-A09,51.6,31.3,63.0,14.2,14.5,19.0,52
2014-10-11-B05,58.3,31.6,84.0,14.6,35.5,34.0,55
2014-10-11-B13,79.1,NA,NA,NA,NA,NA,44
2014-10-11-C02,70.1,30.6,103.5,15.2,40.0,46.0,55
2014-10-11-D05,70.8,NA,NA,NA,NA,NA,49
2014-10-11-D06,73.8,34.0,90.5,15.0,30.0,34.0,55
2014-10-11-D13,60.5,NA,NA,NA,NA,NA,54
2014-10-11-E14,71.6,NA,NA,NA,NA,NA,46
2014-10-11-F09,59.6,30.2,99.0,14.6,38.0,40.0,54
2014-10-11-H09,68.8,34.6,86.0,15.8,25.0,30.0,52
2014-10-12-A09,60.7,NA,NA,NA,NA,NA,53
2014-10-12-B05,75.3,NA,NA,NA,NA,NA,56
2014-10-12-B13,79.1,NA,NA,NA,NA,NA,45
2014-10-12-C02,64.9,NA,NA,NA,NA,NA,56
2014-10-12-D05,67.4,NA,NA,NA,NA,NA,50
2014-10-12-D06,70.5,NA,NA,NA,NA,NA,56
2014-10-12-D13,63.8,31.9,104.0,15.2,40.0,45.0,55
2014-10-12-E14,76.2,NA,NA,NA,NA,NA,47
2014-10-12-F09,56.8,NA,NA,NA,NA,NA,55
2014-10-12-H09,74.9,NA,NA,NA,NA,NA,53
2014-10-13-A09,59.1,NA,NA,NA,NA,NA,54
